ReklamNo1;ReklamSuresi2;ReklamYayinKanali3;HedefKitle4;ReklamTuru5;UrunKategorisi6;SatisYaklasimi7;AnlatimTarzi8;UnluKisiTanikligi9;SiradanKisiTaniklÄ±gi10;UzmanKisiTanikligi11;AnimasyonKarakter12;DisSesKullanimi13;CingilKullanimi14;YaraticiStrateji15;COKullanimi16;CORolu17;COYasGrubu18;COCinsiyeti19;COKarakteri20;CODuygusalIfadesi21;COUrunHizmet22;AnlasilirSunum23;DogrulukDurustluk24;BaskasinaYardim25;SiddetOgesi26;OtoriteZayiflatmaOgesi27;ButceyeUygunIfadesi28;TehlikeliAracGerec29;SadeceIfadesi30;KullanmaBecerisi31
313021;1,00;1,00;2,00;2,00;17,00;1,00;1,00;2,00;2,00;2,00;1,00;1,00;2,00;4,00;2,00;0,00;0,00;0,00;0,00;0,00;0,00;1,00;1,00;2,00;2,00;2,00;2,00;2,00;2,00;1,00
324904;2,00;2,00;1,00;2,00;22,00;1,00;4,00;2,00;2,00;2,00;1,00;1,00;2,00;7,00;2,00;0,00;0,00;0,00;0,00;0,00;0,00;1,00;1,00;2,00;2,00;2,00;2,00;2,00;2,00;2,00
328414;1,00;1,00;2,00;3,00;4,00;2,00;1,00;2,00;2,00;2,00;2,00;2,00;2,00;7,00;2,00;0,00;0,00;0,00;0,00;0,00;0,00;1,00;1,00;2,00;2,00;2,00;2,00;2,00;2,00;1,00
353743;2,00;2,00;1,00;2,00;22,00;1,00;1,00;2,00;1,00;2,00;1,00;1,00;2,00;7,00;1,00;3,00;3,00;3,00;4,00;4,00;1,00;1,00;1,00;2,00;2,00;2,00;2,00;2,00;2,00;2,00
355463;2,00;2,00;1,00;2,00;22,00;1,00;1,00;2,00;1,00;2,00;2,00;1,00;2,00;7,00;1,00;1,00;2,00;1,00;8,00;4,00;1,00;1,00;1,00;1,00;2,00;2,00;2,00;2,00;2,00;2,00
368531;2,00;1,00;2,00;2,00;12,00;2,00;4,00;2,00;2,00;2,00;1,00;2,00;2,00;7,00;2,00;0,00;0,00;0,00;0,00;0,00;0,00;1,00;2,00;2,00;2,00;2,00;2,00;2,00;2,00;2,00
372254;1,00;2,00;3,00;2,00;10,00;1,00;1,00;2,00;1,00;2,00;2,00;1,00;1,00;6,00;1,00;1,00;2,00;3,00;12,00;4,00;1,00;1,00;1,00;2,00;2,00;2,00;2,00;2,00;2,00;1,00
377921;2,00;2,00;2,00;2,00;6,00;1,00;1,00;2,00;1,00;1,00;2,00;1,00;2,00;5,00;2,00;0,00;0,00;0,00;0,00;0,00;0,00;1,00;1,00;2,00;2,00;2,00;2,00;2,00;2,00;1,00
384284;2,00;2,00;2,00;2,00;6,00;1,00;1,00;2,00;2,00;2,00;2,00;1,00;2,00;5,00;2,00;0,00;0,00;0,00;0,00;0,00;0,00;1,00;1,00;2,00;2,00;2,00;2,00;2,00;2,00;1,00
384876;1,00;2,00;1,00;2,00;22,00;2,00;4,00;2,00;1,00;2,00;2,00;1,00;2,00;7,00;1,00;3,00;3,00;1,00;9,00;4,00;1,00;1,00;2,00;2,00;2,00;2,00;2,00;2,00;2,00;1,00
388493;1,00;1,00;2,00;4,00;17,00;1,00;1,00;1,00;2,00;2,00;2,00;2,00;2,00;4,00;2,00;0,00;0,00;0,00;0,00;0,00;0,00;2,00;1,00;2,00;2,00;2,00;2,00;2,00;2,00;1,00
388713;4,00;1,00;2,00;2,00;12,00;1,00;1,00;1,00;1,00;2,00;2,00;2,00;1,00;6,00;2,00;0,00;0,00;0,00;0,00;0,00;0,00;1,00;1,00;2,00;2,00;2,00;2,00;2,00;2,00;1,00
388832;1,00;1,00;2,00;2,00;3,00;1,00;1,00;2,00;2,00;2,00;2,00;1,00;2,00;7,00;2,00;0,00;0,00;0,00;0,00;0,00;0,00;1,00;1,00;2,00;2,00;2,00;2,00;2,00;2,00;1,00
388967;1,00;1,00;3,00;3,00;12,00;1,00;1,00;2,00;2,00;2,00;2,00;2,00;2,00;7,00;2,00;0,00;0,00;0,00;0,00;0,00;0,00;1,00;1,00;2,00;2,00;2,00;2,00;2,00;1,00;1,00
389881;1,00;1,00;2,00;1,00;26,00;1,00;1,00;2,00;2,00;2,00;2,00;1,00;2,00;7,00;2,00;0,00;0,00;0,00;0,00;0,00;0,00;2,00;1,00;2,00;2,00;2,00;2,00;2,00;2,00;2,00
390723;3,00;1,00;3,00;2,00;10,00;2,00;3,00;1,00;1,00;2,00;2,00;2,00;2,00;3,00;1,00;3,00;2,00;3,00;1,00;4,00;3,00;1,00;1,00;1,00;2,00;2,00;2,00;2,00;2,00;1,00
392054;1,00;1,00;3,00;2,00;10,00;1,00;1,00;2,00;1,00;2,00;2,00;1,00;2,00;7,00;2,00;0,00;0,00;0,00;0,00;0,00;0,00;1,00;1,00;2,00;2,00;2,00;2,00;2,00;2,00;1,00
393097;2,00;1,00;2,00;2,00;17,00;1,00;1,00;1,00;2,00;2,00;2,00;2,00;2,00;3,00;2,00;0,00;0,00;0,00;0,00;0,00;0,00;1,00;1,00;2,00;2,00;2,00;2,00;2,00;2,00;1,00
395935;2,00;2,00;1,00;2,00;22,00;1,00;1,00;2,00;1,00;2,00;1,00;1,00;1,00;6,00;1,00;1,00;2,00;3,00;9,00;4,00;1,00;1,00;1,00;2,00;2,00;2,00;2,00;2,00;2,00;1,00
400633;1,00;1,00;2,00;1,00;14,00;1,00;1,00;2,00;2,00;2,00;2,00;1,00;2,00;2,00;1,00;3,00;2,00;1,00;1,00;4,00;2,00;2,00;1,00;2,00;2,00;2,00;2,00;2,00;2,00;2,00
401519;2,00;2,00;1,00;2,00;22,00;1,00;1,00;2,00;1,00;2,00;2,00;1,00;1,00;6,00;1,00;1,00;3,00;1,00;9,00;4,00;1,00;1,00;1,00;2,00;2,00;2,00;2,00;2,00;2,00;2,00
402347;2,00;2,00;1,00;2,00;22,00;2,00;4,00;2,00;1,00;2,00;1,00;1,00;1,00;6,00;1,00;3,00;3,00;1,00;7,00;4,00;1,00;1,00;2,00;2,00;2,00;2,00;2,00;2,00;2,00;2,00
404032;1,00;2,00;1,00;2,00;22,00;1,00;1,00;2,00;1,00;2,00;1,00;1,00;1,00;6,00;1,00;1,00;3,00;3,00;12,00;4,00;1,00;1,00;1,00;2,00;2,00;2,00;2,00;2,00;2,00;1,00
405626;1,00;2,00;1,00;2,00;22,00;2,00;4,00;2,00;1,00;2,00;2,00;1,00;1,00;6,00;1,00;1,00;4,00;3,00;12,00;4,00;1,00;1,00;1,00;2,00;2,00;2,00;2,00;2,00;2,00;1,00
406911;1,00;1,00;2,00;2,00;17,00;1,00;1,00;2,00;1,00;2,00;2,00;1,00;2,00;7,00;2,00;0,00;0,00;0,00;0,00;0,00;0,00;2,00;1,00;2,00;2,00;2,00;2,00;2,00;2,00;2,00
409770;1,00;2,00;1,00;2,00;10,00;1,00;1,00;2,00;1,00;2,00;1,00;1,00;2,00;7,00;1,00;1,00;2,00;2,00;10,00;4,00;1,00;1,00;1,00;2,00;2,00;2,00;2,00;2,00;2,00;1,00
409892;2,00;1,00;3,00;2,00;10,00;2,00;4,00;2,00;1,00;2,00;2,00;1,00;1,00;6,00;2,00;0,00;0,00;0,00;0,00;0,00;0,00;2,00;1,00;2,00;2,00;2,00;2,00;2,00;2,00;1,00
410556;2,00;1,00;3,00;2,00;1,00;1,00;1,00;2,00;1,00;2,00;2,00;1,00;2,00;7,00;2,00;0,00;0,00;0,00;0,00;0,00;0,00;1,00;1,00;2,00;2,00;2,00;2,00;2,00;2,00;1,00
410687;1,00;2,00;1,00;2,00;22,00;1,00;1,00;2,00;2,00;2,00;1,00;1,00;2,00;7,00;2,00;0,00;0,00;0,00;0,00;0,00;0,00;1,00;1,00;2,00;2,00;2,00;2,00;2,00;2,00;1,00
410708;2,00;2,00;1,00;2,00;22,00;1,00;1,00;2,00;2,00;2,00;1,00;1,00;2,00;7,00;2,00;0,00;0,00;0,00;0,00;0,00;0,00;1,00;1,00;2,00;2,00;2,00;2,00;2,00;2,00;1,00
410879;2,00;1,00;2,00;2,00;6,00;1,00;1,00;2,00;1,00;2,00;2,00;1,00;2,00;4,00;2,00;0,00;0,00;0,00;0,00;0,00;0,00;1,00;1,00;2,00;2,00;2,00;2,00;2,00;2,00;1,00
410886;1,00;1,00;2,00;2,00;6,00;1,00;1,00;2,00;2,00;2,00;2,00;1,00;2,00;4,00;2,00;0,00;0,00;0,00;0,00;0,00;0,00;1,00;1,00;2,00;2,00;2,00;2,00;2,00;2,00;1,00
410889;1,00;1,00;2,00;2,00;6,00;1,00;1,00;2,00;2,00;2,00;2,00;1,00;2,00;4,00;2,00;0,00;0,00;0,00;0,00;0,00;0,00;1,00;2,00;2,00;2,00;2,00;2,00;2,00;2,00;1,00
410978;2,00;2,00;2,00;2,00;6,00;1,00;1,00;2,00;2,00;2,00;2,00;1,00;2,00;5,00;2,00;0,00;0,00;0,00;0,00;0,00;0,00;1,00;1,00;2,00;2,00;2,00;2,00;2,00;2,00;1,00
410982;2,00;2,00;1,00;2,00;22,00;1,00;1,00;2,00;1,00;2,00;2,00;1,00;2,00;1,00;1,00;1,00;2,00;3,00;10,00;4,00;1,00;1,00;1,00;2,00;2,00;2,00;2,00;2,00;2,00;1,00
411397;1,00;1,00;2,00;2,00;13,00;1,00;1,00;1,00;2,00;2,00;2,00;2,00;1,00;3,00;2,00;0,00;0,00;0,00;0,00;0,00;0,00;1,00;1,00;2,00;2,00;2,00;2,00;2,00;2,00;1,00
411436;1,00;2,00;1,00;2,00;22,00;1,00;1,00;2,00;1,00;2,00;2,00;1,00;2,00;1,00;1,00;1,00;3,00;3,00;9,00;4,00;1,00;1,00;1,00;2,00;2,00;2,00;2,00;2,00;2,00;1,00
411472;1,00;2,00;1,00;2,00;22,00;1,00;1,00;2,00;1,00;2,00;1,00;1,00;2,00;1,00;1,00;1,00;3,00;3,00;6,00;4,00;1,00;1,00;1,00;2,00;2,00;2,00;2,00;2,00;2,00;1,00
412168;2,00;2,00;1,00;2,00;22,00;1,00;1,00;2,00;2,00;2,00;1,00;1,00;2,00;7,00;2,00;0,00;0,00;0,00;0,00;0,00;0,00;1,00;2,00;2,00;2,00;2,00;2,00;2,00;2,00;1,00
412368;2,00;1,00;2,00;2,00;17,00;1,00;1,00;1,00;2,00;2,00;2,00;1,00;2,00;3,00;2,00;0,00;0,00;0,00;0,00;0,00;0,00;1,00;1,00;2,00;2,00;2,00;2,00;2,00;2,00;1,00
412675;2,00;2,00;1,00;2,00;22,00;1,00;1,00;2,00;1,00;2,00;2,00;1,00;2,00;1,00;1,00;1,00;4,00;1,00;7,00;4,00;1,00;1,00;2,00;2,00;2,00;2,00;2,00;2,00;2,00;1,00
413059;2,00;1,00;3,00;2,00;13,00;1,00;1,00;2,00;2,00;2,00;2,00;1,00;2,00;7,00;2,00;0,00;0,00;0,00;0,00;0,00;0,00;1,00;1,00;2,00;2,00;2,00;2,00;2,00;1,00;1,00
413397;2,00;1,00;2,00;2,00;17,00;1,00;1,00;1,00;2,00;2,00;2,00;1,00;2,00;3,00;2,00;0,00;0,00;0,00;0,00;0,00;0,00;1,00;1,00;2,00;2,00;2,00;2,00;2,00;2,00;1,00
413620;1,00;2,00;1,00;2,00;22,00;1,00;1,00;2,00;2,00;2,00;1,00;1,00;2,00;7,00;2,00;0,00;0,00;0,00;0,00;0,00;0,00;1,00;2,00;2,00;2,00;2,00;2,00;2,00;2,00;2,00
413814;1,00;1,00;2,00;1,00;29,00;1,00;1,00;2,00;2,00;2,00;1,00;1,00;2,00;7,00;2,00;0,00;0,00;0,00;0,00;0,00;0,00;1,00;2,00;2,00;2,00;2,00;2,00;2,00;2,00;2,00
414655;1,00;1,00;2,00;2,00;17,00;1,00;1,00;2,00;2,00;2,00;2,00;1,00;2,00;7,00;2,00;0,00;0,00;0,00;0,00;0,00;0,00;1,00;1,00;2,00;2,00;2,00;2,00;2,00;2,00;1,00
414736;1,00;1,00;3,00;2,00;10,00;1,00;1,00;2,00;2,00;2,00;2,00;1,00;2,00;7,00;2,00;0,00;0,00;0,00;0,00;0,00;0,00;1,00;1,00;2,00;2,00;2,00;2,00;2,00;2,00;2,00
414965;1,00;1,00;2,00;2,00;10,00;1,00;1,00;2,00;2,00;2,00;2,00;1,00;2,00;7,00;2,00;0,00;0,00;0,00;0,00;0,00;0,00;1,00;1,00;2,00;2,00;2,00;2,00;2,00;2,00;1,00
416111;1,00;1,00;2,00;3,00;23,00;1,00;1,00;2,00;2,00;2,00;2,00;2,00;2,00;7,00;2,00;0,00;0,00;0,00;0,00;0,00;0,00;1,00;1,00;2,00;2,00;2,00;2,00;2,00;2,00;2,00
416431;2,00;1,00;2,00;2,00;6,00;1,00;1,00;2,00;1,00;1,00;2,00;1,00;2,00;1,00;2,00;0,00;0,00;0,00;0,00;0,00;0,00;1,00;1,00;2,00;2,00;2,00;2,00;2,00;2,00;1,00
416551;1,00;1,00;3,00;3,00;10,00;1,00;1,00;2,00;2,00;2,00;2,00;2,00;2,00;7,00;2,00;0,00;0,00;0,00;0,00;0,00;0,00;1,00;1,00;2,00;2,00;2,00;2,00;2,00;2,00;1,00
417072;2,00;2,00;2,00;2,00;6,00;2,00;4,00;2,00;1,00;2,00;2,00;1,00;2,00;1,00;1,00;2,00;3,00;3,00;12,00;4,00;2,00;1,00;1,00;2,00;2,00;2,00;2,00;2,00;2,00;1,00
417084;2,00;2,00;1,00;2,00;22,00;2,00;4,00;2,00;1,00;2,00;2,00;1,00;2,00;1,00;1,00;1,00;4,00;2,00;12,00;4,00;1,00;1,00;1,00;2,00;2,00;2,00;2,00;2,00;2,00;1,00
417129;1,00;1,00;2,00;1,00;1,00;1,00;1,00;2,00;2,00;2,00;2,00;1,00;2,00;7,00;2,00;0,00;0,00;0,00;0,00;0,00;0,00;2,00;1,00;2,00;2,00;2,00;2,00;2,00;2,00;1,00
417190;2,00;1,00;2,00;2,00;17,00;1,00;1,00;2,00;1,00;2,00;2,00;1,00;2,00;1,00;2,00;0,00;0,00;0,00;0,00;0,00;0,00;1,00;1,00;2,00;2,00;2,00;2,00;2,00;2,00;1,00
417707;3,00;2,00;3,00;2,00;12,00;1,00;1,00;2,00;1,00;2,00;1,00;1,00;1,00;1,00;1,00;1,00;3,00;2,00;10,00;4,00;1,00;1,00;1,00;2,00;2,00;2,00;2,00;2,00;2,00;1,00
418076;2,00;2,00;1,00;2,00;22,00;1,00;1,00;2,00;1,00;2,00;2,00;1,00;2,00;1,00;1,00;1,00;3,00;1,00;9,00;4,00;1,00;1,00;1,00;1,00;2,00;2,00;2,00;2,00;2,00;1,00
418272;2,00;2,00;1,00;2,00;10,00;1,00;1,00;2,00;2,00;2,00;1,00;1,00;1,00;7,00;2,00;0,00;0,00;0,00;0,00;0,00;0,00;1,00;1,00;1,00;2,00;2,00;2,00;2,00;2,00;1,00
418386;3,00;2,00;3,00;2,00;10,00;1,00;1,00;2,00;1,00;2,00;1,00;1,00;1,00;6,00;1,00;1,00;2,00;3,00;10,00;4,00;1,00;1,00;1,00;1,00;2,00;2,00;2,00;2,00;2,00;1,00
418569;1,00;1,00;2,00;2,00;6,00;1,00;1,00;1,00;1,00;2,00;2,00;1,00;2,00;5,00;1,00;3,00;3,00;3,00;1,00;4,00;2,00;1,00;1,00;1,00;2,00;2,00;2,00;2,00;2,00;1,00
418690;2,00;2,00;1,00;2,00;22,00;1,00;1,00;2,00;2,00;2,00;2,00;1,00;1,00;7,00;2,00;0,00;0,00;0,00;0,00;0,00;0,00;1,00;2,00;1,00;2,00;2,00;2,00;2,00;2,00;1,00
418696;1,00;1,00;2,00;3,00;14,00;1,00;1,00;2,00;2,00;2,00;2,00;2,00;2,00;7,00;2,00;0,00;0,00;0,00;0,00;0,00;0,00;1,00;1,00;2,00;2,00;2,00;2,00;2,00;1,00;2,00
418784;2,00;2,00;1,00;2,00;22,00;1,00;1,00;2,00;1,00;2,00;1,00;1,00;1,00;1,00;1,00;1,00;3,00;1,00;8,00;4,00;1,00;1,00;1,00;2,00;2,00;2,00;2,00;2,00;2,00;1,00
418787;1,00;1,00;2,00;1,00;14,00;1,00;1,00;2,00;2,00;2,00;2,00;1,00;2,00;7,00;2,00;0,00;0,00;0,00;0,00;0,00;0,00;2,00;1,00;2,00;2,00;2,00;2,00;2,00;2,00;2,00
418977;1,00;1,00;2,00;3,00;17,00;1,00;1,00;2,00;2,00;2,00;2,00;2,00;2,00;7,00;2,00;0,00;0,00;0,00;0,00;0,00;0,00;1,00;1,00;2,00;2,00;2,00;2,00;2,00;2,00;2,00
419578;1,00;2,00;1,00;2,00;22,00;2,00;4,00;2,00;1,00;2,00;1,00;1,00;2,00;1,00;1,00;1,00;4,00;2,00;11,00;1,00;1,00;1,00;1,00;2,00;1,00;2,00;2,00;2,00;2,00;1,00
420139;2,00;2,00;1,00;2,00;22,00;2,00;4,00;2,00;2,00;2,00;1,00;1,00;2,00;7,00;2,00;0,00;0,00;0,00;0,00;0,00;0,00;1,00;2,00;2,00;1,00;2,00;2,00;2,00;2,00;1,00
420154;2,00;1,00;2,00;2,00;12,00;2,00;3,00;1,00;1,00;2,00;2,00;1,00;2,00;3,00;2,00;0,00;0,00;0,00;0,00;0,00;0,00;1,00;1,00;2,00;2,00;2,00;2,00;2,00;2,00;1,00
420177;2,00;1,00;3,00;2,00;25,00;2,00;2,00;2,00;1,00;2,00;2,00;1,00;1,00;4,00;1,00;1,00;2,00;3,00;7,00;4,00;3,00;1,00;1,00;1,00;2,00;2,00;2,00;2,00;2,00;1,00
420242;1,00;1,00;2,00;2,00;10,00;1,00;1,00;2,00;1,00;2,00;1,00;1,00;2,00;1,00;2,00;0,00;0,00;0,00;0,00;0,00;0,00;1,00;1,00;2,00;2,00;2,00;2,00;2,00;2,00;1,00
420737;1,00;1,00;2,00;2,00;17,00;1,00;1,00;2,00;1,00;2,00;2,00;1,00;2,00;1,00;2,00;0,00;0,00;0,00;0,00;0,00;0,00;1,00;1,00;2,00;2,00;2,00;2,00;2,00;1,00;1,00
420987;1,00;1,00;2,00;2,00;17,00;1,00;1,00;2,00;1,00;2,00;2,00;1,00;1,00;4,00;1,00;2,00;3,00;1,00;9,00;4,00;2,00;1,00;1,00;2,00;2,00;2,00;2,00;2,00;2,00;1,00
421300;2,00;1,00;3,00;2,00;10,00;1,00;1,00;2,00;2,00;2,00;2,00;2,00;1,00;6,00;2,00;0,00;0,00;0,00;0,00;0,00;0,00;1,00;1,00;2,00;2,00;2,00;2,00;2,00;2,00;1,00
421312;2,00;1,00;2,00;2,00;17,00;1,00;1,00;2,00;1,00;2,00;2,00;1,00;2,00;5,00;2,00;0,00;0,00;0,00;0,00;0,00;0,00;1,00;1,00;2,00;2,00;2,00;2,00;2,00;2,00;1,00
421340;1,00;2,00;1,00;2,00;22,00;1,00;1,00;2,00;1,00;2,00;1,00;1,00;1,00;1,00;1,00;1,00;3,00;1,00;7,00;4,00;1,00;1,00;1,00;1,00;2,00;2,00;2,00;2,00;2,00;1,00
421451;1,00;1,00;2,00;2,00;14,00;1,00;1,00;2,00;2,00;2,00;2,00;1,00;2,00;7,00;2,00;0,00;0,00;0,00;0,00;0,00;0,00;1,00;1,00;2,00;2,00;2,00;2,00;2,00;2,00;1,00
422346;1,00;1,00;3,00;3,00;3,00;1,00;1,00;2,00;2,00;2,00;2,00;2,00;2,00;7,00;2,00;0,00;0,00;0,00;0,00;0,00;0,00;1,00;1,00;2,00;2,00;2,00;2,00;2,00;2,00;1,00
422388;2,00;1,00;3,00;2,00;10,00;1,00;1,00;2,00;1,00;2,00;2,00;1,00;2,00;4,00;1,00;1,00;3,00;3,00;9,00;4,00;1,00;1,00;1,00;2,00;2,00;2,00;2,00;2,00;2,00;1,00
422521;1,00;2,00;1,00;2,00;22,00;1,00;1,00;2,00;1,00;2,00;2,00;1,00;1,00;1,00;1,00;1,00;3,00;3,00;8,00;4,00;1,00;1,00;1,00;2,00;2,00;2,00;2,00;2,00;2,00;1,00
422522;2,00;2,00;1,00;2,00;3,00;1,00;1,00;2,00;1,00;2,00;1,00;1,00;2,00;1,00;1,00;1,00;2,00;2,00;1,00;4,00;1,00;1,00;1,00;2,00;2,00;2,00;2,00;2,00;2,00;1,00
422534;2,00;2,00;1,00;2,00;22,00;1,00;1,00;2,00;1,00;2,00;2,00;1,00;2,00;1,00;1,00;1,00;4,00;2,00;11,00;4,00;1,00;1,00;1,00;2,00;2,00;2,00;2,00;2,00;2,00;1,00
422711;2,00;1,00;2,00;2,00;6,00;1,00;1,00;1,00;1,00;1,00;2,00;1,00;2,00;5,00;2,00;0,00;0,00;0,00;0,00;0,00;0,00;1,00;1,00;2,00;2,00;2,00;2,00;2,00;2,00;1,00
422739;1,00;1,00;2,00;2,00;14,00;2,00;2,00;2,00;2,00;2,00;2,00;1,00;2,00;6,00;1,00;1,00;2,00;3,00;10,00;3,00;2,00;1,00;2,00;2,00;2,00;2,00;2,00;2,00;2,00;1,00
422913;3,00;1,00;2,00;2,00;14,00;1,00;1,00;2,00;1,00;2,00;2,00;1,00;2,00;4,00;1,00;2,00;3,00;3,00;9,00;4,00;2,00;1,00;1,00;2,00;2,00;2,00;2,00;2,00;2,00;1,00
423180;2,00;1,00;2,00;2,00;10,00;2,00;2,00;2,00;1,00;2,00;2,00;1,00;2,00;6,00;2,00;0,00;0,00;0,00;0,00;0,00;0,00;1,00;2,00;2,00;2,00;2,00;2,00;2,00;2,00;1,00
423348;1,00;1,00;2,00;2,00;17,00;2,00;2,00;2,00;1,00;2,00;2,00;1,00;1,00;6,00;2,00;0,00;0,00;0,00;0,00;0,00;0,00;1,00;1,00;2,00;2,00;2,00;2,00;2,00;2,00;1,00
423364;3,00;1,00;3,00;2,00;12,00;2,00;2,00;1,00;1,00;1,00;2,00;1,00;1,00;3,00;2,00;0,00;0,00;0,00;0,00;0,00;0,00;1,00;1,00;2,00;2,00;2,00;2,00;2,00;2,00;1,00
423452;2,00;2,00;1,00;2,00;22,00;1,00;1,00;2,00;1,00;2,00;2,00;1,00;2,00;1,00;1,00;1,00;3,00;2,00;11,00;1,00;1,00;1,00;2,00;2,00;1,00;2,00;2,00;2,00;2,00;1,00
423454;1,00;2,00;1,00;2,00;22,00;1,00;1,00;2,00;1,00;2,00;2,00;1,00;2,00;1,00;1,00;1,00;2,00;3,00;6,00;4,00;1,00;1,00;1,00;2,00;2,00;2,00;2,00;2,00;2,00;1,00
423522;1,00;1,00;2,00;2,00;12,00;2,00;2,00;2,00;1,00;2,00;2,00;1,00;2,00;4,00;2,00;0,00;0,00;0,00;0,00;0,00;0,00;1,00;1,00;2,00;2,00;2,00;2,00;2,00;2,00;1,00
423599;1,00;2,00;1,00;2,00;22,00;1,00;1,00;2,00;1,00;2,00;2,00;1,00;2,00;1,00;1,00;1,00;3,00;1,00;9,00;4,00;1,00;1,00;1,00;2,00;2,00;2,00;2,00;2,00;2,00;1,00
423656;1,00;1,00;2,00;1,00;19,00;1,00;1,00;2,00;2,00;2,00;2,00;1,00;2,00;7,00;2,00;0,00;0,00;0,00;0,00;0,00;0,00;2,00;1,00;2,00;2,00;2,00;2,00;2,00;2,00;2,00
424078;4,00;1,00;2,00;2,00;11,00;2,00;2,00;1,00;1,00;2,00;2,00;1,00;2,00;4,00;1,00;2,00;3,00;3,00;2,00;3,00;2,00;1,00;1,00;1,00;1,00;2,00;2,00;2,00;2,00;2,00
424287;1,00;1,00;2,00;2,00;4,00;1,00;1,00;2,00;1,00;2,00;2,00;1,00;1,00;6,00;2,00;0,00;0,00;0,00;0,00;0,00;0,00;1,00;1,00;2,00;2,00;2,00;2,00;2,00;2,00;1,00
424345;1,00;1,00;2,00;2,00;10,00;1,00;1,00;2,00;1,00;2,00;2,00;1,00;1,00;4,00;1,00;2,00;1,00;2,00;1,00;4,00;1,00;1,00;1,00;2,00;2,00;2,00;2,00;2,00;2,00;1,00
424376;2,00;1,00;2,00;2,00;10,00;2,00;2,00;2,00;1,00;2,00;2,00;1,00;2,00;1,00;2,00;0,00;0,00;0,00;0,00;0,00;0,00;1,00;2,00;2,00;2,00;2,00;2,00;2,00;2,00;1,00
424383;3,00;1,00;3,00;2,00;29,00;1,00;1,00;2,00;2,00;2,00;2,00;1,00;2,00;7,00;2,00;0,00;0,00;0,00;0,00;0,00;0,00;1,00;1,00;2,00;2,00;2,00;2,00;2,00;1,00;2,00
424412;2,00;2,00;3,00;2,00;10,00;1,00;1,00;2,00;1,00;2,00;2,00;1,00;1,00;6,00;1,00;1,00;3,00;3,00;8,00;4,00;1,00;1,00;1,00;1,00;2,00;1,00;2,00;2,00;2,00;1,00
424496;1,00;2,00;2,00;2,00;23,00;1,00;1,00;2,00;1,00;2,00;2,00;1,00;2,00;1,00;2,00;0,00;0,00;0,00;0,00;0,00;0,00;1,00;1,00;2,00;2,00;2,00;2,00;2,00;2,00;1,00
424498;2,00;1,00;2,00;2,00;10,00;2,00;2,00;2,00;2,00;2,00;2,00;1,00;2,00;7,00;2,00;0,00;0,00;0,00;0,00;0,00;0,00;1,00;1,00;2,00;2,00;2,00;2,00;2,00;2,00;2,00
424624;2,00;1,00;2,00;2,00;17,00;1,00;1,00;2,00;1,00;2,00;2,00;1,00;2,00;4,00;2,00;0,00;0,00;0,00;0,00;0,00;0,00;1,00;1,00;2,00;2,00;2,00;2,00;2,00;2,00;1,00
424625;2,00;1,00;2,00;2,00;10,00;1,00;1,00;2,00;1,00;2,00;1,00;1,00;1,00;6,00;2,00;0,00;0,00;0,00;0,00;0,00;0,00;1,00;1,00;2,00;2,00;2,00;2,00;2,00;2,00;1,00
424640;4,00;1,00;2,00;2,00;22,00;1,00;1,00;2,00;1,00;2,00;2,00;2,00;2,00;1,00;2,00;0,00;0,00;0,00;0,00;0,00;0,00;1,00;1,00;2,00;2,00;2,00;2,00;2,00;1,00;1,00
424664;1,00;1,00;3,00;2,00;28,00;1,00;1,00;2,00;2,00;2,00;1,00;1,00;1,00;5,00;2,00;0,00;0,00;0,00;0,00;0,00;0,00;1,00;1,00;2,00;2,00;2,00;2,00;2,00;2,00;1,00
424671;2,00;1,00;2,00;2,00;6,00;1,00;1,00;2,00;1,00;2,00;2,00;1,00;1,00;6,00;2,00;0,00;0,00;0,00;0,00;0,00;0,00;1,00;1,00;1,00;2,00;2,00;2,00;2,00;2,00;1,00
424746;1,00;1,00;2,00;2,00;17,00;1,00;1,00;2,00;1,00;2,00;2,00;1,00;2,00;4,00;2,00;0,00;0,00;0,00;0,00;0,00;0,00;1,00;1,00;2,00;2,00;2,00;2,00;2,00;2,00;2,00
424850;2,00;2,00;1,00;2,00;22,00;1,00;1,00;2,00;1,00;2,00;1,00;1,00;1,00;1,00;1,00;1,00;3,00;2,00;12,00;4,00;1,00;1,00;1,00;1,00;2,00;2,00;2,00;2,00;2,00;1,00
424851;1,00;2,00;1,00;2,00;22,00;1,00;1,00;2,00;1,00;2,00;2,00;1,00;2,00;1,00;1,00;1,00;3,00;3,00;9,00;4,00;1,00;1,00;1,00;2,00;2,00;2,00;2,00;2,00;2,00;1,00
424976;1,00;1,00;2,00;3,00;20,00;1,00;1,00;2,00;2,00;2,00;2,00;2,00;2,00;7,00;2,00;0,00;0,00;0,00;0,00;0,00;0,00;1,00;1,00;2,00;2,00;2,00;2,00;2,00;2,00;1,00
425007;1,00;2,00;1,00;2,00;22,00;1,00;1,00;2,00;1,00;2,00;2,00;1,00;2,00;1,00;2,00;0,00;0,00;0,00;0,00;0,00;0,00;1,00;2,00;2,00;1,00;2,00;2,00;2,00;2,00;1,00
425014;1,00;2,00;1,00;2,00;22,00;1,00;1,00;2,00;2,00;2,00;1,00;1,00;1,00;6,00;2,00;0,00;0,00;0,00;0,00;0,00;0,00;1,00;2,00;2,00;2,00;2,00;2,00;2,00;2,00;1,00
425149;2,00;2,00;1,00;2,00;3,00;1,00;1,00;2,00;1,00;2,00;1,00;1,00;2,00;1,00;1,00;1,00;2,00;3,00;12,00;4,00;1,00;1,00;1,00;2,00;2,00;2,00;2,00;2,00;2,00;1,00
425152;2,00;1,00;2,00;2,00;10,00;2,00;4,00;2,00;1,00;2,00;2,00;1,00;1,00;4,00;2,00;0,00;0,00;0,00;0,00;0,00;0,00;1,00;1,00;1,00;2,00;2,00;2,00;2,00;2,00;1,00
425301;1,00;1,00;2,00;2,00;17,00;1,00;1,00;2,00;1,00;2,00;2,00;1,00;1,00;4,00;1,00;2,00;1,00;2,00;1,00;4,00;1,00;1,00;1,00;2,00;2,00;2,00;2,00;2,00;2,00;1,00
425469;2,00;1,00;2,00;2,00;17,00;1,00;1,00;1,00;1,00;2,00;2,00;1,00;2,00;3,00;2,00;0,00;0,00;0,00;0,00;0,00;0,00;1,00;2,00;2,00;2,00;2,00;2,00;2,00;2,00;1,00
425470;2,00;1,00;2,00;2,00;17,00;1,00;1,00;2,00;1,00;2,00;2,00;1,00;2,00;4,00;2,00;0,00;0,00;0,00;0,00;0,00;0,00;1,00;1,00;2,00;2,00;2,00;2,00;2,00;2,00;1,00
425501;2,00;2,00;3,00;2,00;10,00;2,00;4,00;2,00;1,00;2,00;1,00;1,00;2,00;4,00;1,00;1,00;3,00;3,00;12,00;4,00;1,00;1,00;1,00;1,00;2,00;2,00;2,00;2,00;2,00;1,00
425584;2,00;2,00;1,00;2,00;22,00;2,00;4,00;2,00;1,00;2,00;1,00;1,00;2,00;7,00;1,00;1,00;3,00;2,00;12,00;4,00;1,00;1,00;2,00;2,00;1,00;2,00;2,00;2,00;2,00;1,00
425585;1,00;2,00;3,00;2,00;10,00;2,00;4,00;2,00;1,00;2,00;1,00;1,00;1,00;6,00;1,00;1,00;3,00;3,00;1,00;4,00;1,00;1,00;1,00;2,00;2,00;2,00;2,00;2,00;2,00;1,00
425594;2,00;2,00;1,00;2,00;22,00;1,00;1,00;2,00;2,00;2,00;2,00;1,00;1,00;6,00;2,00;0,00;0,00;0,00;0,00;0,00;0,00;1,00;1,00;2,00;2,00;2,00;2,00;2,00;2,00;1,00
425624;1,00;2,00;1,00;2,00;22,00;1,00;1,00;2,00;1,00;2,00;2,00;1,00;2,00;1,00;1,00;1,00;3,00;3,00;4,00;4,00;1,00;1,00;1,00;2,00;2,00;2,00;2,00;2,00;2,00;1,00
425631;1,00;1,00;3,00;2,00;10,00;1,00;1,00;2,00;2,00;2,00;1,00;1,00;1,00;6,00;2,00;0,00;0,00;0,00;0,00;0,00;0,00;1,00;1,00;2,00;2,00;2,00;2,00;2,00;1,00;1,00
425633;1,00;1,00;2,00;2,00;17,00;2,00;2,00;2,00;1,00;2,00;2,00;1,00;1,00;1,00;2,00;0,00;0,00;0,00;0,00;0,00;0,00;1,00;1,00;2,00;2,00;2,00;2,00;2,00;2,00;1,00
425655;1,00;1,00;2,00;2,00;8,00;1,00;1,00;1,00;2,00;2,00;1,00;1,00;1,00;3,00;2,00;0,00;0,00;0,00;0,00;0,00;0,00;1,00;1,00;2,00;2,00;2,00;2,00;2,00;2,00;2,00
425672;1,00;2,00;1,00;2,00;22,00;1,00;1,00;2,00;2,00;2,00;2,00;1,00;2,00;7,00;2,00;0,00;0,00;0,00;0,00;0,00;0,00;1,00;1,00;2,00;1,00;2,00;2,00;2,00;2,00;1,00
425675;1,00;2,00;3,00;2,00;22,00;2,00;3,00;2,00;1,00;2,00;2,00;1,00;2,00;4,00;1,00;1,00;2,00;2,00;4,00;4,00;1,00;1,00;1,00;2,00;2,00;2,00;2,00;2,00;2,00;1,00
425700;1,00;1,00;1,00;2,00;10,00;1,00;1,00;2,00;2,00;2,00;1,00;2,00;2,00;7,00;2,00;0,00;0,00;0,00;0,00;0,00;0,00;1,00;1,00;2,00;2,00;2,00;2,00;2,00;2,00;1,00
425725;4,00;1,00;2,00;2,00;26,00;1,00;1,00;1,00;2,00;2,00;2,00;2,00;2,00;3,00;2,00;0,00;0,00;0,00;0,00;0,00;0,00;1,00;1,00;2,00;2,00;2,00;2,00;2,00;2,00;1,00
425751;2,00;2,00;1,00;2,00;22,00;1,00;1,00;2,00;2,00;2,00;1,00;1,00;2,00;7,00;2,00;0,00;0,00;0,00;0,00;0,00;0,00;1,00;2,00;2,00;1,00;2,00;2,00;2,00;2,00;1,00
425769;2,00;1,00;2,00;2,00;17,00;1,00;1,00;2,00;1,00;2,00;2,00;1,00;2,00;4,00;2,00;0,00;0,00;0,00;0,00;0,00;0,00;1,00;1,00;2,00;2,00;2,00;2,00;2,00;2,00;1,00
425907;2,00;1,00;2,00;2,00;17,00;1,00;1,00;2,00;1,00;2,00;2,00;1,00;2,00;4,00;2,00;0,00;0,00;0,00;0,00;0,00;0,00;1,00;1,00;2,00;2,00;2,00;2,00;2,00;2,00;1,00
426050;2,00;1,00;2,00;2,00;17,00;2,00;2,00;2,00;1,00;2,00;2,00;1,00;2,00;4,00;2,00;0,00;0,00;0,00;0,00;0,00;0,00;1,00;1,00;2,00;2,00;2,00;2,00;2,00;2,00;2,00
426063;2,00;2,00;1,00;2,00;10,00;2,00;4,00;2,00;2,00;2,00;1,00;1,00;2,00;7,00;2,00;0,00;0,00;0,00;0,00;0,00;0,00;1,00;1,00;1,00;2,00;2,00;2,00;2,00;2,00;1,00
426080;2,00;1,00;2,00;2,00;22,00;1,00;1,00;2,00;2,00;2,00;2,00;1,00;2,00;7,00;2,00;0,00;0,00;0,00;0,00;0,00;0,00;1,00;1,00;2,00;2,00;2,00;2,00;2,00;2,00;1,00
426110;1,00;1,00;3,00;2,00;10,00;1,00;1,00;2,00;2,00;2,00;2,00;1,00;2,00;7,00;2,00;0,00;0,00;0,00;0,00;0,00;0,00;1,00;1,00;2,00;2,00;2,00;2,00;2,00;2,00;2,00
426165;2,00;1,00;2,00;2,00;17,00;1,00;1,00;2,00;1,00;2,00;2,00;1,00;2,00;4,00;2,00;0,00;0,00;0,00;0,00;0,00;0,00;1,00;1,00;2,00;2,00;2,00;2,00;2,00;2,00;1,00
426195;1,00;1,00;2,00;2,00;13,00;1,00;1,00;2,00;2,00;2,00;2,00;1,00;2,00;7,00;2,00;0,00;0,00;0,00;0,00;0,00;0,00;1,00;1,00;2,00;2,00;2,00;2,00;2,00;2,00;1,00
426240;2,00;1,00;2,00;2,00;10,00;2,00;4,00;2,00;1,00;2,00;2,00;1,00;1,00;4,00;2,00;0,00;0,00;0,00;0,00;0,00;0,00;1,00;1,00;2,00;2,00;2,00;2,00;2,00;2,00;1,00
426246;1,00;1,00;2,00;2,00;17,00;1,00;1,00;2,00;1,00;2,00;1,00;1,00;2,00;4,00;2,00;0,00;0,00;0,00;0,00;0,00;0,00;1,00;1,00;2,00;2,00;2,00;2,00;2,00;2,00;2,00
426248;1,00;2,00;2,00;2,00;10,00;1,00;1,00;2,00;1,00;2,00;2,00;1,00;1,00;4,00;1,00;2,00;1,00;1,00;8,00;4,00;1,00;1,00;1,00;2,00;2,00;2,00;2,00;2,00;2,00;1,00
426330;1,00;1,00;3,00;2,00;17,00;1,00;1,00;2,00;1,00;2,00;1,00;1,00;1,00;6,00;1,00;1,00;2,00;1,00;7,00;4,00;1,00;1,00;1,00;2,00;2,00;2,00;2,00;2,00;2,00;1,00
426331;2,00;1,00;3,00;2,00;12,00;1,00;1,00;1,00;1,00;2,00;2,00;1,00;2,00;3,00;1,00;1,00;4,00;3,00;7,00;4,00;1,00;1,00;1,00;2,00;2,00;2,00;2,00;2,00;2,00;1,00
426351;1,00;2,00;3,00;2,00;10,00;2,00;4,00;1,00;1,00;2,00;1,00;1,00;1,00;3,00;1,00;1,00;2,00;2,00;1,00;4,00;3,00;1,00;2,00;2,00;2,00;2,00;2,00;2,00;2,00;1,00
426371;2,00;1,00;2,00;2,00;17,00;1,00;1,00;2,00;2,00;2,00;2,00;1,00;2,00;4,00;2,00;0,00;0,00;0,00;0,00;0,00;0,00;1,00;1,00;2,00;2,00;2,00;2,00;2,00;2,00;1,00
426372;2,00;1,00;2,00;2,00;17,00;1,00;1,00;2,00;1,00;2,00;2,00;1,00;2,00;4,00;2,00;0,00;0,00;0,00;0,00;0,00;0,00;1,00;1,00;2,00;2,00;2,00;2,00;2,00;2,00;1,00
426403;2,00;1,00;2,00;2,00;17,00;1,00;1,00;1,00;2,00;2,00;2,00;1,00;2,00;4,00;2,00;0,00;0,00;0,00;0,00;0,00;0,00;1,00;1,00;2,00;2,00;2,00;2,00;2,00;2,00;1,00
426411;1,00;2,00;1,00;2,00;12,00;1,00;1,00;2,00;2,00;2,00;1,00;1,00;2,00;7,00;2,00;0,00;0,00;0,00;0,00;0,00;0,00;1,00;1,00;2,00;2,00;2,00;2,00;2,00;2,00;1,00
426451;1,00;1,00;2,00;2,00;17,00;1,00;1,00;2,00;1,00;2,00;2,00;1,00;2,00;4,00;2,00;0,00;0,00;0,00;0,00;0,00;0,00;1,00;1,00;2,00;2,00;2,00;2,00;2,00;2,00;1,00
426456;1,00;1,00;2,00;2,00;14,00;1,00;1,00;2,00;2,00;2,00;2,00;1,00;2,00;7,00;2,00;0,00;0,00;0,00;0,00;0,00;0,00;1,00;1,00;2,00;2,00;2,00;2,00;2,00;2,00;2,00
426460;2,00;1,00;2,00;2,00;12,00;2,00;3,00;2,00;1,00;2,00;2,00;1,00;2,00;4,00;2,00;0,00;0,00;0,00;0,00;0,00;0,00;1,00;1,00;2,00;2,00;2,00;2,00;2,00;2,00;1,00
426522;1,00;1,00;3,00;2,00;10,00;2,00;2,00;2,00;2,00;2,00;2,00;1,00;2,00;7,00;2,00;0,00;0,00;0,00;0,00;0,00;0,00;1,00;1,00;2,00;2,00;2,00;2,00;2,00;2,00;2,00
426531;2,00;2,00;1,00;2,00;10,00;2,00;4,00;2,00;2,00;2,00;1,00;1,00;2,00;7,00;2,00;0,00;0,00;0,00;0,00;0,00;0,00;1,00;1,00;2,00;2,00;2,00;2,00;2,00;2,00;1,00
426532;1,00;2,00;1,00;2,00;10,00;1,00;1,00;2,00;2,00;2,00;1,00;1,00;2,00;7,00;2,00;0,00;0,00;0,00;0,00;0,00;0,00;1,00;1,00;2,00;2,00;2,00;2,00;2,00;1,00;1,00
426535;2,00;2,00;1,00;2,00;10,00;2,00;4,00;2,00;2,00;2,00;1,00;1,00;2,00;7,00;2,00;0,00;0,00;0,00;0,00;0,00;0,00;1,00;1,00;2,00;2,00;2,00;2,00;2,00;2,00;1,00
426543;2,00;2,00;1,00;2,00;22,00;1,00;1,00;2,00;1,00;2,00;1,00;1,00;1,00;4,00;1,00;1,00;2,00;3,00;10,00;4,00;1,00;1,00;1,00;2,00;2,00;2,00;2,00;2,00;2,00;1,00
426551;1,00;1,00;2,00;2,00;22,00;2,00;4,00;2,00;1,00;2,00;2,00;1,00;1,00;4,00;2,00;0,00;0,00;0,00;0,00;0,00;0,00;1,00;1,00;2,00;1,00;2,00;2,00;2,00;2,00;1,00
426563;1,00;1,00;2,00;2,00;10,00;2,00;2,00;2,00;1,00;2,00;2,00;1,00;2,00;4,00;2,00;0,00;0,00;0,00;0,00;0,00;0,00;1,00;2,00;2,00;2,00;2,00;2,00;2,00;2,00;1,00
426601;2,00;2,00;1,00;2,00;22,00;1,00;1,00;2,00;2,00;2,00;1,00;1,00;1,00;6,00;2,00;0,00;0,00;0,00;0,00;0,00;0,00;1,00;2,00;2,00;2,00;2,00;2,00;2,00;2,00;1,00
426634;2,00;1,00;2,00;2,00;17,00;1,00;1,00;2,00;1,00;2,00;2,00;1,00;2,00;4,00;2,00;0,00;0,00;0,00;0,00;0,00;0,00;1,00;1,00;2,00;2,00;2,00;2,00;2,00;2,00;1,00
426668;2,00;2,00;1,00;2,00;22,00;1,00;1,00;2,00;2,00;2,00;2,00;1,00;2,00;4,00;2,00;0,00;0,00;0,00;0,00;0,00;0,00;1,00;2,00;2,00;2,00;2,00;2,00;2,00;2,00;1,00
426694;3,00;1,00;2,00;2,00;29,00;1,00;1,00;2,00;2,00;2,00;2,00;1,00;1,00;7,00;2,00;0,00;0,00;0,00;0,00;0,00;0,00;1,00;1,00;2,00;2,00;2,00;2,00;2,00;1,00;1,00
426799;1,00;2,00;1,00;2,00;10,00;2,00;4,00;2,00;2,00;2,00;1,00;1,00;2,00;7,00;2,00;0,00;0,00;0,00;0,00;0,00;0,00;1,00;1,00;2,00;1,00;2,00;2,00;2,00;2,00;2,00
426822;2,00;1,00;3,00;2,00;13,00;2,00;2,00;2,00;1,00;2,00;2,00;2,00;2,00;4,00;1,00;1,00;2,00;1,00;2,00;3,00;2,00;1,00;1,00;2,00;2,00;2,00;2,00;2,00;2,00;1,00
426825;3,00;1,00;2,00;2,00;4,00;2,00;2,00;2,00;1,00;2,00;2,00;1,00;1,00;5,00;2,00;0,00;0,00;0,00;0,00;0,00;0,00;1,00;1,00;2,00;2,00;2,00;2,00;2,00;2,00;1,00
426846;3,00;1,00;2,00;2,00;24,00;1,00;1,00;1,00;2,00;2,00;2,00;2,00;2,00;3,00;2,00;0,00;0,00;0,00;0,00;0,00;0,00;1,00;1,00;2,00;2,00;2,00;1,00;2,00;2,00;2,00
426852;1,00;1,00;2,00;2,00;10,00;2,00;2,00;1,00;2,00;2,00;2,00;1,00;2,00;3,00;2,00;0,00;0,00;0,00;0,00;0,00;0,00;1,00;1,00;2,00;2,00;2,00;2,00;2,00;2,00;1,00
426900;2,00;1,00;3,00;2,00;13,00;1,00;1,00;2,00;1,00;2,00;1,00;1,00;2,00;4,00;2,00;0,00;0,00;0,00;0,00;0,00;0,00;1,00;1,00;2,00;2,00;2,00;2,00;2,00;2,00;1,00
426951;1,00;1,00;2,00;2,00;4,00;1,00;1,00;2,00;2,00;2,00;1,00;1,00;2,00;4,00;2,00;0,00;0,00;0,00;0,00;0,00;0,00;1,00;1,00;2,00;2,00;2,00;2,00;2,00;2,00;1,00
426954;2,00;1,00;2,00;2,00;17,00;1,00;1,00;2,00;1,00;2,00;2,00;1,00;2,00;4,00;2,00;0,00;0,00;0,00;0,00;0,00;0,00;1,00;1,00;2,00;2,00;2,00;2,00;2,00;2,00;1,00
426985;2,00;2,00;1,00;2,00;22,00;1,00;1,00;2,00;1,00;2,00;1,00;1,00;1,00;7,00;2,00;0,00;0,00;0,00;0,00;0,00;0,00;1,00;2,00;2,00;1,00;2,00;2,00;2,00;2,00;1,00
427018;2,00;1,00;2,00;2,00;23,00;2,00;4,00;2,00;1,00;2,00;1,00;1,00;2,00;4,00;2,00;0,00;0,00;0,00;0,00;0,00;0,00;1,00;1,00;2,00;2,00;2,00;2,00;2,00;2,00;1,00
427020;2,00;1,00;3,00;2,00;12,00;2,00;2,00;2,00;1,00;2,00;2,00;1,00;2,00;4,00;1,00;2,00;3,00;3,00;8,00;4,00;1,00;1,00;1,00;1,00;2,00;2,00;2,00;2,00;2,00;1,00
427138;1,00;1,00;2,00;2,00;12,00;2,00;2,00;2,00;1,00;2,00;2,00;1,00;2,00;4,00;2,00;0,00;0,00;0,00;0,00;0,00;0,00;1,00;1,00;2,00;2,00;2,00;2,00;2,00;2,00;1,00
427246;2,00;1,00;2,00;2,00;17,00;1,00;1,00;2,00;1,00;2,00;2,00;1,00;2,00;6,00;2,00;0,00;0,00;0,00;0,00;0,00;0,00;1,00;1,00;2,00;2,00;2,00;2,00;2,00;2,00;1,00
427344;1,00;1,00;2,00;2,00;17,00;1,00;1,00;2,00;1,00;2,00;2,00;1,00;2,00;4,00;2,00;0,00;0,00;0,00;0,00;0,00;0,00;1,00;1,00;2,00;2,00;2,00;2,00;2,00;2,00;1,00
427353;2,00;1,00;2,00;2,00;13,00;2,00;2,00;2,00;1,00;2,00;1,00;1,00;2,00;4,00;2,00;0,00;0,00;0,00;0,00;0,00;0,00;1,00;1,00;2,00;2,00;2,00;2,00;2,00;2,00;1,00
427361;3,00;1,00;2,00;2,00;12,00;1,00;1,00;1,00;1,00;2,00;2,00;1,00;1,00;3,00;2,00;0,00;0,00;0,00;0,00;0,00;0,00;1,00;1,00;2,00;2,00;2,00;2,00;2,00;2,00;1,00
427365;2,00;1,00;2,00;2,00;14,00;2,00;2,00;2,00;2,00;2,00;2,00;1,00;1,00;6,00;2,00;0,00;0,00;0,00;0,00;0,00;0,00;1,00;1,00;2,00;2,00;2,00;2,00;2,00;2,00;1,00
427402;1,00;2,00;1,00;2,00;22,00;1,00;1,00;2,00;2,00;2,00;2,00;1,00;2,00;1,00;2,00;0,00;0,00;0,00;0,00;0,00;0,00;1,00;1,00;1,00;2,00;2,00;2,00;2,00;2,00;1,00
427409;1,00;1,00;2,00;2,00;23,00;1,00;1,00;2,00;2,00;2,00;1,00;1,00;2,00;4,00;2,00;0,00;0,00;0,00;0,00;0,00;0,00;1,00;1,00;2,00;2,00;2,00;2,00;2,00;2,00;2,00
427460;1,00;1,00;3,00;2,00;10,00;2,00;3,00;1,00;1,00;2,00;2,00;1,00;2,00;4,00;2,00;0,00;0,00;0,00;0,00;0,00;0,00;1,00;1,00;2,00;2,00;2,00;2,00;2,00;2,00;1,00
427462;2,00;2,00;1,00;2,00;22,00;1,00;1,00;2,00;1,00;2,00;2,00;1,00;2,00;4,00;1,00;1,00;4,00;3,00;12,00;4,00;1,00;1,00;1,00;2,00;2,00;2,00;2,00;2,00;2,00;1,00
427478;2,00;1,00;2,00;2,00;13,00;2,00;3,00;1,00;1,00;2,00;2,00;1,00;2,00;3,00;2,00;0,00;0,00;0,00;0,00;0,00;0,00;1,00;1,00;2,00;2,00;2,00;2,00;2,00;1,00;1,00
427481;3,00;1,00;2,00;2,00;17,00;1,00;1,00;2,00;1,00;2,00;1,00;1,00;1,00;4,00;2,00;0,00;0,00;0,00;0,00;0,00;0,00;1,00;1,00;2,00;2,00;2,00;2,00;2,00;2,00;1,00
427642;4,00;1,00;2,00;2,00;8,00;2,00;2,00;1,00;1,00;2,00;1,00;1,00;1,00;4,00;2,00;0,00;0,00;0,00;0,00;0,00;0,00;1,00;1,00;1,00;2,00;2,00;2,00;2,00;2,00;1,00
427657;1,00;1,00;2,00;2,00;18,00;1,00;1,00;2,00;1,00;2,00;2,00;1,00;2,00;4,00;1,00;3,00;2,00;2,00;1,00;4,00;2,00;1,00;1,00;2,00;2,00;2,00;2,00;2,00;2,00;1,00
427666;3,00;1,00;2,00;2,00;6,00;1,00;1,00;1,00;1,00;2,00;2,00;1,00;2,00;3,00;1,00;2,00;3,00;1,00;8,00;4,00;2,00;1,00;1,00;2,00;2,00;2,00;2,00;2,00;2,00;1,00
427667;3,00;1,00;2,00;2,00;8,00;2,00;2,00;2,00;1,00;2,00;2,00;1,00;1,00;6,00;1,00;3,00;3,00;3,00;1,00;4,00;2,00;1,00;1,00;1,00;2,00;2,00;2,00;2,00;2,00;1,00
427673;1,00;1,00;2,00;3,00;14,00;1,00;1,00;2,00;2,00;2,00;2,00;2,00;2,00;7,00;2,00;0,00;0,00;0,00;0,00;0,00;0,00;1,00;1,00;2,00;2,00;2,00;2,00;2,00;2,00;2,00
427686;3,00;1,00;3,00;2,00;12,00;2,00;2,00;1,00;1,00;2,00;2,00;1,00;2,00;4,00;1,00;1,00;3,00;1,00;3,00;4,00;1,00;1,00;1,00;1,00;2,00;2,00;2,00;2,00;2,00;1,00
427704;2,00;1,00;2,00;2,00;10,00;2,00;2,00;2,00;1,00;2,00;2,00;1,00;2,00;4,00;1,00;1,00;3,00;3,00;3,00;4,00;2,00;1,00;1,00;1,00;2,00;2,00;2,00;2,00;2,00;1,00
427783;1,00;1,00;2,00;2,00;6,00;2,00;2,00;2,00;1,00;2,00;2,00;1,00;2,00;4,00;1,00;1,00;3,00;3,00;10,00;4,00;2,00;1,00;2,00;2,00;2,00;2,00;2,00;2,00;2,00;1,00
427793;2,00;1,00;2,00;2,00;12,00;1,00;1,00;2,00;2,00;2,00;1,00;1,00;2,00;7,00;2,00;0,00;0,00;0,00;0,00;0,00;0,00;1,00;1,00;2,00;2,00;2,00;2,00;2,00;2,00;1,00
427796;1,00;1,00;1,00;2,00;17,00;2,00;4,00;2,00;1,00;2,00;1,00;1,00;2,00;7,00;1,00;3,00;2,00;2,00;8,00;4,00;1,00;1,00;2,00;2,00;2,00;2,00;2,00;2,00;2,00;2,00
427832;1,00;1,00;2,00;3,00;29,00;1,00;1,00;2,00;2,00;2,00;2,00;2,00;2,00;7,00;2,00;0,00;0,00;0,00;0,00;0,00;0,00;1,00;1,00;2,00;2,00;2,00;2,00;2,00;2,00;1,00
427877;2,00;1,00;2,00;2,00;8,00;1,00;1,00;2,00;1,00;2,00;1,00;1,00;1,00;4,00;1,00;3,00;3,00;3,00;1,00;4,00;2,00;1,00;1,00;1,00;2,00;2,00;2,00;2,00;2,00;1,00
427878;1,00;1,00;2,00;2,00;17,00;1,00;1,00;2,00;2,00;2,00;2,00;1,00;2,00;4,00;2,00;0,00;0,00;0,00;0,00;0,00;0,00;1,00;1,00;2,00;2,00;2,00;2,00;2,00;2,00;1,00
427880;4,00;1,00;2,00;2,00;8,00;2,00;2,00;1,00;2,00;2,00;2,00;1,00;1,00;3,00;2,00;0,00;0,00;0,00;0,00;0,00;0,00;1,00;1,00;2,00;2,00;2,00;2,00;2,00;2,00;1,00
427884;1,00;1,00;2,00;3,00;28,00;1,00;1,00;2,00;2,00;2,00;2,00;2,00;2,00;7,00;2,00;0,00;0,00;0,00;0,00;0,00;0,00;1,00;1,00;2,00;2,00;2,00;2,00;2,00;2,00;2,00
427890;1,00;1,00;2,00;2,00;1,00;1,00;1,00;2,00;2,00;2,00;2,00;1,00;2,00;7,00;2,00;0,00;0,00;0,00;0,00;0,00;0,00;1,00;2,00;2,00;1,00;2,00;2,00;2,00;2,00;1,00
427892;1,00;1,00;2,00;2,00;25,00;1,00;1,00;2,00;2,00;2,00;2,00;1,00;1,00;7,00;2,00;0,00;0,00;0,00;0,00;0,00;0,00;1,00;1,00;2,00;2,00;2,00;2,00;2,00;2,00;1,00
427963;1,00;2,00;3,00;2,00;10,00;2,00;3,00;2,00;1,00;2,00;2,00;1,00;2,00;4,00;1,00;3,00;3,00;3,00;1,00;4,00;3,00;1,00;1,00;2,00;2,00;2,00;2,00;2,00;2,00;1,00
427983;3,00;1,00;2,00;2,00;12,00;1,00;1,00;1,00;1,00;2,00;2,00;1,00;1,00;5,00;2,00;0,00;0,00;0,00;0,00;0,00;0,00;1,00;1,00;2,00;2,00;2,00;2,00;2,00;2,00;1,00
428003;2,00;2,00;1,00;2,00;10,00;2,00;3,00;2,00;2,00;2,00;1,00;1,00;1,00;7,00;2,00;0,00;0,00;0,00;0,00;0,00;0,00;1,00;1,00;2,00;2,00;2,00;2,00;2,00;2,00;1,00
428009;1,00;1,00;2,00;2,00;3,00;1,00;1,00;2,00;1,00;2,00;2,00;1,00;2,00;1,00;2,00;0,00;0,00;0,00;0,00;0,00;0,00;1,00;1,00;2,00;2,00;2,00;1,00;2,00;1,00;1,00
428012;2,00;1,00;3,00;2,00;10,00;1,00;1,00;2,00;1,00;2,00;2,00;1,00;2,00;4,00;1,00;3,00;2,00;2,00;4,00;4,00;3,00;1,00;1,00;1,00;2,00;2,00;2,00;2,00;2,00;1,00
428013;3,00;1,00;2,00;2,00;17,00;1,00;1,00;1,00;2,00;1,00;2,00;1,00;2,00;2,00;2,00;0,00;0,00;0,00;0,00;0,00;0,00;1,00;2,00;2,00;2,00;2,00;2,00;2,00;2,00;2,00
428076;2,00;1,00;2,00;2,00;1,00;1,00;1,00;1,00;1,00;2,00;2,00;1,00;2,00;3,00;2,00;0,00;0,00;0,00;0,00;0,00;0,00;1,00;1,00;2,00;2,00;2,00;2,00;2,00;2,00;1,00
428079;1,00;1,00;2,00;2,00;29,00;2,00;2,00;1,00;1,00;2,00;2,00;1,00;2,00;6,00;2,00;0,00;0,00;0,00;0,00;0,00;0,00;1,00;1,00;2,00;2,00;2,00;2,00;2,00;2,00;2,00
428121;2,00;2,00;3,00;2,00;22,00;1,00;1,00;2,00;1,00;2,00;2,00;1,00;1,00;4,00;1,00;2,00;3,00;3,00;6,00;4,00;3,00;1,00;1,00;2,00;2,00;2,00;2,00;2,00;2,00;1,00
428169;1,00;1,00;2,00;3,00;22,00;1,00;1,00;2,00;2,00;2,00;2,00;2,00;2,00;7,00;2,00;0,00;0,00;0,00;0,00;0,00;0,00;1,00;1,00;2,00;2,00;2,00;2,00;2,00;2,00;1,00
428194;2,00;2,00;1,00;2,00;9,00;1,00;1,00;2,00;1,00;2,00;2,00;1,00;2,00;1,00;1,00;1,00;3,00;1,00;12,00;4,00;3,00;1,00;1,00;2,00;2,00;2,00;2,00;2,00;2,00;1,00
428196;2,00;1,00;1,00;2,00;10,00;2,00;3,00;2,00;1,00;2,00;1,00;1,00;2,00;1,00;1,00;1,00;3,00;2,00;4,00;4,00;1,00;1,00;1,00;2,00;2,00;2,00;2,00;2,00;2,00;1,00
428200;2,00;1,00;2,00;2,00;28,00;1,00;1,00;2,00;1,00;2,00;2,00;1,00;1,00;1,00;2,00;0,00;0,00;0,00;0,00;0,00;0,00;1,00;1,00;2,00;2,00;2,00;2,00;2,00;2,00;1,00
428222;2,00;2,00;1,00;2,00;18,00;2,00;4,00;2,00;1,00;2,00;2,00;1,00;1,00;7,00;1,00;1,00;3,00;2,00;3,00;6,00;1,00;1,00;1,00;2,00;2,00;1,00;2,00;2,00;2,00;1,00
428245;1,00;1,00;3,00;2,00;3,00;1,00;1,00;2,00;2,00;2,00;2,00;1,00;2,00;7,00;2,00;0,00;0,00;0,00;0,00;0,00;0,00;1,00;1,00;2,00;1,00;2,00;2,00;2,00;2,00;1,00
428263;2,00;1,00;1,00;2,00;12,00;2,00;3,00;2,00;1,00;2,00;2,00;1,00;1,00;4,00;1,00;1,00;4,00;3,00;4,00;4,00;3,00;1,00;1,00;2,00;2,00;2,00;2,00;2,00;2,00;1,00
428265;1,00;1,00;2,00;2,00;17,00;1,00;1,00;2,00;2,00;2,00;2,00;1,00;2,00;4,00;2,00;0,00;0,00;0,00;0,00;0,00;0,00;1,00;1,00;2,00;2,00;2,00;2,00;2,00;2,00;1,00
428321;2,00;1,00;2,00;2,00;29,00;1,00;1,00;1,00;2,00;2,00;2,00;2,00;1,00;3,00;2,00;0,00;0,00;0,00;0,00;0,00;0,00;1,00;1,00;2,00;2,00;2,00;2,00;2,00;2,00;1,00
428330;1,00;1,00;2,00;2,00;10,00;1,00;1,00;2,00;2,00;2,00;1,00;1,00;2,00;4,00;2,00;0,00;0,00;0,00;0,00;0,00;0,00;1,00;1,00;2,00;2,00;2,00;2,00;2,00;2,00;1,00
428338;1,00;1,00;2,00;3,00;13,00;1,00;1,00;2,00;2,00;2,00;2,00;2,00;2,00;7,00;2,00;0,00;0,00;0,00;0,00;0,00;0,00;1,00;1,00;2,00;2,00;2,00;2,00;2,00;2,00;1,00
428339;1,00;2,00;1,00;2,00;22,00;1,00;1,00;2,00;2,00;2,00;2,00;1,00;2,00;7,00;2,00;0,00;0,00;0,00;0,00;0,00;0,00;1,00;1,00;2,00;2,00;2,00;2,00;2,00;2,00;1,00
428343;1,00;1,00;2,00;3,00;18,00;1,00;1,00;2,00;2,00;2,00;2,00;2,00;2,00;7,00;2,00;0,00;0,00;0,00;0,00;0,00;0,00;1,00;1,00;2,00;2,00;2,00;2,00;2,00;2,00;1,00
428348;2,00;1,00;2,00;2,00;17,00;1,00;1,00;2,00;1,00;2,00;2,00;1,00;2,00;4,00;1,00;2,00;1,00;2,00;1,00;4,00;1,00;1,00;1,00;2,00;2,00;2,00;2,00;2,00;2,00;1,00
428359;1,00;1,00;1,00;2,00;10,00;1,00;1,00;2,00;1,00;2,00;1,00;1,00;2,00;4,00;1,00;1,00;3,00;3,00;8,00;4,00;1,00;1,00;1,00;1,00;2,00;2,00;2,00;2,00;2,00;1,00
428377;1,00;1,00;2,00;3,00;22,00;1,00;1,00;2,00;2,00;2,00;2,00;2,00;2,00;7,00;2,00;0,00;0,00;0,00;0,00;0,00;0,00;1,00;1,00;2,00;2,00;2,00;2,00;2,00;2,00;1,00
428419;4,00;1,00;2,00;2,00;5,00;1,00;1,00;1,00;1,00;2,00;2,00;1,00;2,00;4,00;2,00;0,00;0,00;0,00;0,00;0,00;0,00;1,00;1,00;2,00;2,00;2,00;2,00;2,00;2,00;1,00
428442;4,00;1,00;2,00;2,00;28,00;2,00;3,00;1,00;1,00;2,00;2,00;1,00;2,00;3,00;2,00;0,00;0,00;0,00;0,00;0,00;0,00;1,00;1,00;1,00;2,00;2,00;2,00;2,00;2,00;1,00
428446;2,00;1,00;2,00;2,00;8,00;2,00;3,00;1,00;1,00;2,00;2,00;1,00;1,00;3,00;2,00;0,00;0,00;0,00;0,00;0,00;0,00;1,00;1,00;2,00;2,00;2,00;2,00;2,00;2,00;1,00
428493;1,00;1,00;3,00;2,00;13,00;1,00;1,00;2,00;1,00;2,00;2,00;1,00;2,00;4,00;2,00;0,00;0,00;0,00;0,00;0,00;0,00;1,00;1,00;2,00;2,00;2,00;2,00;2,00;2,00;1,00
428516;2,00;1,00;2,00;2,00;8,00;1,00;3,00;1,00;1,00;2,00;2,00;1,00;1,00;3,00;2,00;0,00;0,00;0,00;0,00;0,00;0,00;1,00;1,00;2,00;2,00;2,00;2,00;2,00;2,00;1,00
428518;1,00;1,00;2,00;2,00;10,00;1,00;1,00;2,00;2,00;2,00;2,00;2,00;1,00;6,00;2,00;0,00;0,00;0,00;0,00;0,00;0,00;1,00;1,00;2,00;2,00;2,00;2,00;2,00;2,00;1,00
428523;1,00;1,00;2,00;2,00;10,00;1,00;1,00;2,00;2,00;2,00;2,00;2,00;1,00;6,00;2,00;0,00;0,00;0,00;0,00;0,00;0,00;1,00;1,00;2,00;2,00;2,00;2,00;2,00;2,00;1,00
428527;1,00;1,00;2,00;2,00;10,00;1,00;1,00;2,00;2,00;2,00;2,00;2,00;1,00;6,00;2,00;0,00;0,00;0,00;0,00;0,00;0,00;1,00;1,00;2,00;2,00;2,00;2,00;2,00;2,00;1,00
428539;1,00;1,00;3,00;3,00;29,00;1,00;1,00;2,00;2,00;2,00;2,00;2,00;2,00;7,00;2,00;0,00;0,00;0,00;0,00;0,00;0,00;1,00;1,00;2,00;2,00;2,00;2,00;2,00;2,00;1,00
428542;1,00;1,00;3,00;2,00;3,00;1,00;1,00;2,00;2,00;2,00;1,00;1,00;1,00;4,00;2,00;0,00;0,00;0,00;0,00;0,00;0,00;1,00;1,00;2,00;2,00;2,00;2,00;2,00;2,00;1,00
428554;1,00;1,00;2,00;3,00;16,00;1,00;1,00;2,00;2,00;2,00;2,00;2,00;2,00;7,00;2,00;0,00;0,00;0,00;0,00;0,00;0,00;1,00;1,00;2,00;2,00;2,00;2,00;2,00;2,00;1,00
428563;2,00;1,00;2,00;2,00;13,00;2,00;2,00;1,00;1,00;2,00;2,00;1,00;2,00;3,00;2,00;0,00;0,00;0,00;0,00;0,00;0,00;1,00;1,00;2,00;2,00;2,00;2,00;2,00;2,00;1,00
428567;1,00;1,00;2,00;2,00;18,00;1,00;1,00;2,00;2,00;2,00;2,00;1,00;2,00;7,00;2,00;0,00;0,00;0,00;0,00;0,00;0,00;1,00;1,00;2,00;2,00;2,00;2,00;2,00;2,00;1,00
428568;1,00;1,00;2,00;2,00;29,00;1,00;1,00;2,00;2,00;2,00;2,00;1,00;1,00;4,00;2,00;0,00;0,00;0,00;0,00;0,00;0,00;1,00;1,00;2,00;2,00;2,00;2,00;2,00;2,00;1,00
428573;2,00;2,00;1,00;2,00;22,00;1,00;1,00;2,00;1,00;2,00;1,00;1,00;2,00;6,00;1,00;1,00;3,00;3,00;4,00;4,00;1,00;1,00;1,00;2,00;2,00;2,00;2,00;2,00;2,00;1,00
428744;1,00;1,00;2,00;2,00;10,00;1,00;1,00;2,00;2,00;2,00;2,00;1,00;2,00;7,00;2,00;0,00;0,00;0,00;0,00;0,00;0,00;1,00;1,00;2,00;2,00;2,00;2,00;2,00;2,00;1,00
428756;2,00;1,00;3,00;2,00;13,00;1,00;1,00;2,00;2,00;2,00;1,00;1,00;2,00;4,00;2,00;0,00;0,00;0,00;0,00;0,00;0,00;1,00;1,00;2,00;2,00;2,00;2,00;2,00;1,00;1,00
428761;2,00;1,00;2,00;2,00;10,00;1,00;1,00;2,00;1,00;2,00;2,00;1,00;2,00;1,00;2,00;0,00;0,00;0,00;0,00;0,00;0,00;1,00;1,00;2,00;2,00;2,00;2,00;2,00;2,00;1,00
428763;2,00;1,00;2,00;2,00;17,00;1,00;1,00;2,00;1,00;2,00;2,00;1,00;2,00;4,00;1,00;3,00;1,00;2,00;1,00;4,00;1,00;1,00;1,00;2,00;2,00;2,00;2,00;2,00;2,00;1,00
428782;2,00;1,00;2,00;2,00;12,00;2,00;2,00;2,00;1,00;2,00;2,00;1,00;2,00;4,00;2,00;0,00;0,00;0,00;0,00;0,00;0,00;1,00;1,00;1,00;2,00;2,00;2,00;2,00;2,00;1,00
428783;4,00;1,00;3,00;2,00;10,00;2,00;2,00;2,00;1,00;2,00;2,00;1,00;2,00;4,00;1,00;2,00;2,00;1,00;8,00;4,00;3,00;1,00;1,00;1,00;2,00;2,00;2,00;2,00;2,00;1,00
428785;1,00;1,00;2,00;2,00;14,00;2,00;2,00;2,00;1,00;2,00;2,00;2,00;1,00;7,00;2,00;0,00;0,00;0,00;0,00;0,00;0,00;1,00;1,00;2,00;2,00;2,00;2,00;2,00;2,00;2,00
428786;4,00;1,00;3,00;2,00;10,00;2,00;2,00;1,00;1,00;2,00;2,00;1,00;2,00;6,00;1,00;2,00;3,00;3,00;9,00;4,00;3,00;1,00;1,00;1,00;2,00;2,00;2,00;2,00;2,00;1,00
428787;2,00;1,00;2,00;2,00;14,00;2,00;2,00;2,00;1,00;2,00;2,00;2,00;2,00;4,00;2,00;0,00;0,00;0,00;0,00;0,00;0,00;1,00;1,00;2,00;2,00;2,00;2,00;2,00;2,00;1,00
428796;2,00;1,00;2,00;2,00;10,00;1,00;1,00;2,00;1,00;2,00;2,00;1,00;1,00;4,00;1,00;1,00;2,00;1,00;3,00;4,00;2,00;1,00;1,00;2,00;2,00;2,00;2,00;2,00;2,00;1,00
428797;3,00;1,00;2,00;2,00;22,00;2,00;3,00;1,00;1,00;2,00;1,00;1,00;1,00;3,00;2,00;0,00;0,00;0,00;0,00;0,00;0,00;1,00;1,00;2,00;2,00;2,00;2,00;2,00;2,00;1,00
428803;1,00;1,00;2,00;2,00;10,00;1,00;1,00;2,00;2,00;2,00;2,00;1,00;1,00;6,00;2,00;0,00;0,00;0,00;0,00;0,00;0,00;1,00;1,00;2,00;2,00;2,00;2,00;2,00;2,00;1,00
428805;3,00;1,00;2,00;2,00;15,00;2,00;2,00;2,00;2,00;2,00;2,00;1,00;2,00;6,00;2,00;0,00;0,00;0,00;0,00;0,00;0,00;1,00;1,00;2,00;2,00;2,00;2,00;2,00;2,00;1,00
428806;2,00;1,00;2,00;2,00;10,00;2,00;2,00;2,00;1,00;2,00;2,00;1,00;2,00;7,00;2,00;0,00;0,00;0,00;0,00;0,00;0,00;1,00;1,00;2,00;2,00;2,00;2,00;2,00;2,00;1,00
428807;2,00;1,00;2,00;2,00;22,00;1,00;1,00;2,00;1,00;2,00;2,00;1,00;1,00;4,00;2,00;0,00;0,00;0,00;0,00;0,00;0,00;1,00;1,00;2,00;2,00;2,00;2,00;2,00;2,00;1,00
428810;1,00;1,00;2,00;3,00;22,00;1,00;1,00;2,00;2,00;2,00;2,00;2,00;2,00;7,00;2,00;0,00;0,00;0,00;0,00;0,00;0,00;1,00;1,00;2,00;2,00;2,00;2,00;2,00;2,00;1,00
428817;2,00;1,00;2,00;2,00;8,00;1,00;1,00;1,00;2,00;2,00;1,00;2,00;2,00;4,00;2,00;0,00;0,00;0,00;0,00;0,00;0,00;1,00;1,00;2,00;2,00;2,00;2,00;2,00;2,00;1,00
428819;1,00;1,00;2,00;2,00;17,00;1,00;1,00;1,00;2,00;2,00;2,00;1,00;2,00;4,00;2,00;0,00;0,00;0,00;0,00;0,00;0,00;1,00;1,00;2,00;2,00;2,00;2,00;2,00;2,00;1,00
428821;2,00;2,00;1,00;2,00;22,00;1,00;1,00;2,00;2,00;2,00;1,00;1,00;2,00;7,00;2,00;0,00;0,00;0,00;0,00;0,00;0,00;1,00;2,00;2,00;2,00;2,00;2,00;2,00;2,00;1,00
428822;1,00;1,00;3,00;2,00;13,00;1,00;1,00;1,00;2,00;2,00;2,00;2,00;2,00;3,00;2,00;0,00;0,00;0,00;0,00;0,00;0,00;2,00;2,00;2,00;2,00;2,00;2,00;2,00;2,00;2,00
428823;2,00;2,00;2,00;2,00;17,00;1,00;1,00;1,00;2,00;2,00;2,00;1,00;1,00;3,00;2,00;0,00;0,00;0,00;0,00;0,00;0,00;1,00;1,00;2,00;2,00;2,00;2,00;2,00;2,00;1,00
428824;2,00;1,00;3,00;2,00;12,00;2,00;2,00;2,00;1,00;2,00;2,00;1,00;2,00;4,00;1,00;2,00;3,00;2,00;3,00;4,00;3,00;1,00;1,00;1,00;2,00;2,00;2,00;2,00;2,00;1,00
428825;1,00;1,00;2,00;2,00;10,00;1,00;1,00;2,00;1,00;2,00;2,00;1,00;2,00;4,00;1,00;3,00;3,00;3,00;9,00;4,00;2,00;1,00;1,00;1,00;2,00;2,00;2,00;2,00;2,00;1,00
428831;1,00;1,00;2,00;2,00;22,00;1,00;1,00;2,00;2,00;2,00;2,00;1,00;2,00;7,00;2,00;0,00;0,00;0,00;0,00;0,00;0,00;1,00;1,00;2,00;2,00;2,00;2,00;2,00;2,00;1,00
428833;2,00;1,00;2,00;2,00;17,00;1,00;1,00;2,00;1,00;2,00;2,00;1,00;2,00;5,00;2,00;0,00;0,00;0,00;0,00;0,00;0,00;1,00;1,00;2,00;2,00;2,00;2,00;2,00;2,00;1,00
428854;1,00;2,00;2,00;2,00;6,00;1,00;1,00;2,00;1,00;2,00;2,00;1,00;2,00;5,00;2,00;0,00;0,00;0,00;0,00;0,00;0,00;1,00;1,00;2,00;2,00;2,00;2,00;2,00;2,00;1,00
428932;1,00;2,00;1,00;2,00;10,00;2,00;4,00;2,00;2,00;2,00;1,00;1,00;1,00;7,00;2,00;0,00;0,00;0,00;0,00;0,00;0,00;1,00;2,00;2,00;2,00;2,00;2,00;2,00;2,00;2,00
428940;1,00;2,00;1,00;2,00;10,00;2,00;4,00;2,00;2,00;2,00;1,00;1,00;1,00;7,00;2,00;0,00;0,00;0,00;0,00;0,00;0,00;1,00;2,00;2,00;2,00;2,00;2,00;2,00;2,00;2,00
428948;2,00;1,00;2,00;2,00;12,00;1,00;1,00;2,00;2,00;2,00;2,00;1,00;1,00;4,00;2,00;0,00;0,00;0,00;0,00;0,00;0,00;1,00;1,00;2,00;2,00;2,00;2,00;2,00;2,00;1,00
428951;3,00;1,00;2,00;2,00;10,00;2,00;4,00;1,00;1,00;2,00;2,00;1,00;2,00;3,00;2,00;0,00;0,00;0,00;0,00;0,00;0,00;1,00;1,00;2,00;2,00;2,00;2,00;2,00;2,00;1,00
428952;1,00;1,00;2,00;2,00;25,00;1,00;1,00;2,00;2,00;2,00;2,00;1,00;1,00;7,00;2,00;0,00;0,00;0,00;0,00;0,00;0,00;1,00;1,00;2,00;2,00;2,00;2,00;2,00;1,00;1,00
428964;1,00;2,00;1,00;2,00;22,00;1,00;1,00;2,00;1,00;2,00;2,00;1,00;2,00;7,00;1,00;1,00;2,00;1,00;1,00;4,00;1,00;1,00;2,00;2,00;2,00;2,00;2,00;2,00;2,00;1,00
428965;1,00;1,00;2,00;2,00;10,00;1,00;1,00;2,00;2,00;2,00;2,00;1,00;1,00;7,00;2,00;0,00;0,00;0,00;0,00;0,00;0,00;1,00;1,00;2,00;2,00;2,00;2,00;2,00;2,00;2,00
428967;1,00;2,00;1,00;2,00;10,00;2,00;4,00;2,00;2,00;2,00;1,00;1,00;1,00;7,00;2,00;0,00;0,00;0,00;0,00;0,00;0,00;1,00;2,00;2,00;2,00;2,00;2,00;2,00;2,00;2,00
428968;1,00;1,00;2,00;2,00;22,00;1,00;1,00;2,00;2,00;2,00;2,00;1,00;2,00;7,00;2,00;0,00;0,00;0,00;0,00;0,00;0,00;1,00;1,00;2,00;2,00;2,00;2,00;2,00;1,00;1,00
428970;2,00;1,00;2,00;2,00;6,00;2,00;4,00;2,00;1,00;2,00;2,00;1,00;2,00;5,00;2,00;0,00;0,00;0,00;0,00;0,00;0,00;1,00;1,00;2,00;2,00;2,00;2,00;2,00;2,00;1,00
428977;1,00;1,00;2,00;2,00;13,00;2,00;4,00;2,00;1,00;2,00;2,00;1,00;2,00;4,00;2,00;0,00;0,00;0,00;0,00;0,00;0,00;1,00;1,00;2,00;2,00;2,00;2,00;2,00;2,00;1,00
428978;1,00;1,00;2,00;2,00;22,00;1,00;1,00;2,00;1,00;2,00;2,00;1,00;1,00;7,00;2,00;0,00;0,00;0,00;0,00;0,00;0,00;1,00;1,00;2,00;2,00;2,00;2,00;2,00;2,00;1,00
428996;1,00;2,00;1,00;2,00;10,00;2,00;4,00;2,00;2,00;2,00;1,00;2,00;1,00;7,00;2,00;0,00;0,00;0,00;0,00;0,00;0,00;1,00;2,00;2,00;2,00;2,00;2,00;2,00;2,00;2,00
428997;1,00;2,00;1,00;2,00;10,00;2,00;4,00;2,00;2,00;2,00;1,00;1,00;1,00;7,00;2,00;0,00;0,00;0,00;0,00;0,00;0,00;1,00;2,00;2,00;2,00;2,00;2,00;2,00;2,00;2,00
429062;1,00;2,00;1,00;2,00;10,00;2,00;4,00;2,00;2,00;2,00;1,00;1,00;1,00;7,00;2,00;0,00;0,00;0,00;0,00;0,00;0,00;1,00;2,00;2,00;2,00;2,00;2,00;2,00;2,00;2,00
429070;3,00;1,00;2,00;2,00;12,00;2,00;2,00;1,00;1,00;2,00;2,00;2,00;2,00;3,00;1,00;3,00;3,00;3,00;9,00;4,00;3,00;1,00;1,00;1,00;2,00;2,00;2,00;2,00;2,00;1,00
429090;1,00;1,00;2,00;3,00;4,00;1,00;1,00;2,00;2,00;2,00;2,00;2,00;2,00;7,00;2,00;0,00;0,00;0,00;0,00;0,00;0,00;1,00;1,00;2,00;2,00;2,00;2,00;2,00;2,00;1,00
429091;4,00;1,00;2,00;2,00;20,00;2,00;2,00;1,00;2,00;2,00;2,00;2,00;2,00;3,00;2,00;0,00;0,00;0,00;0,00;0,00;0,00;1,00;1,00;2,00;2,00;2,00;2,00;2,00;2,00;1,00
429098;1,00;1,00;2,00;2,00;4,00;2,00;2,00;2,00;2,00;2,00;2,00;1,00;2,00;6,00;2,00;0,00;0,00;0,00;0,00;0,00;0,00;1,00;1,00;2,00;2,00;2,00;2,00;2,00;2,00;1,00
429099;2,00;1,00;2,00;2,00;12,00;2,00;4,00;2,00;1,00;2,00;2,00;1,00;2,00;4,00;2,00;0,00;0,00;0,00;0,00;0,00;0,00;1,00;1,00;2,00;2,00;2,00;2,00;2,00;2,00;1,00
429100;4,00;1,00;2,00;2,00;13,00;2,00;2,00;1,00;1,00;2,00;2,00;1,00;2,00;3,00;1,00;2,00;3,00;3,00;1,00;4,00;2,00;1,00;1,00;2,00;2,00;2,00;2,00;2,00;2,00;1,00
429105;3,00;1,00;2,00;2,00;4,00;2,00;2,00;2,00;2,00;2,00;2,00;1,00;1,00;7,00;2,00;0,00;0,00;0,00;0,00;0,00;0,00;1,00;1,00;2,00;2,00;2,00;2,00;2,00;2,00;1,00
429114;4,00;1,00;3,00;2,00;10,00;2,00;4,00;2,00;1,00;2,00;2,00;1,00;2,00;4,00;1,00;2,00;2,00;1,00;8,00;1,00;3,00;1,00;1,00;2,00;2,00;2,00;2,00;2,00;2,00;1,00
429117;1,00;1,00;2,00;3,00;29,00;1,00;1,00;2,00;2,00;2,00;2,00;2,00;2,00;7,00;2,00;0,00;0,00;0,00;0,00;0,00;0,00;1,00;1,00;2,00;2,00;2,00;2,00;2,00;2,00;1,00
429118;2,00;1,00;2,00;2,00;10,00;2,00;4,00;1,00;2,00;2,00;2,00;2,00;2,00;3,00;2,00;0,00;0,00;0,00;0,00;0,00;0,00;1,00;1,00;2,00;2,00;2,00;2,00;2,00;2,00;1,00
429119;2,00;1,00;3,00;2,00;25,00;2,00;4,00;2,00;1,00;2,00;2,00;1,00;2,00;6,00;1,00;3,00;4,00;3,00;9,00;4,00;3,00;1,00;1,00;2,00;2,00;2,00;2,00;2,00;2,00;1,00
429124;3,00;1,00;2,00;2,00;10,00;2,00;2,00;2,00;1,00;2,00;2,00;1,00;1,00;4,00;1,00;1,00;2,00;1,00;3,00;4,00;2,00;1,00;1,00;1,00;2,00;2,00;2,00;2,00;2,00;1,00
429129;1,00;1,00;2,00;3,00;20,00;1,00;1,00;2,00;2,00;2,00;2,00;2,00;2,00;7,00;2,00;0,00;0,00;0,00;0,00;0,00;0,00;1,00;1,00;2,00;2,00;2,00;2,00;2,00;2,00;1,00
429130;4,00;1,00;2,00;2,00;8,00;2,00;3,00;1,00;1,00;2,00;2,00;1,00;2,00;3,00;1,00;1,00;2,00;2,00;3,00;4,00;2,00;1,00;1,00;2,00;2,00;2,00;2,00;2,00;2,00;1,00
429131;4,00;1,00;3,00;2,00;12,00;1,00;1,00;2,00;1,00;2,00;2,00;1,00;2,00;4,00;1,00;1,00;4,00;2,00;3,00;4,00;3,00;1,00;1,00;1,00;2,00;2,00;2,00;2,00;2,00;1,00
429132;2,00;1,00;3,00;2,00;10,00;2,00;4,00;2,00;1,00;2,00;1,00;1,00;2,00;6,00;2,00;0,00;0,00;0,00;0,00;0,00;0,00;1,00;1,00;2,00;2,00;2,00;2,00;2,00;2,00;1,00
429133;2,00;1,00;3,00;2,00;10,00;2,00;3,00;2,00;1,00;2,00;1,00;2,00;2,00;4,00;2,00;0,00;0,00;0,00;0,00;0,00;0,00;1,00;1,00;2,00;2,00;2,00;2,00;2,00;2,00;1,00
429135;2,00;1,00;2,00;2,00;4,00;2,00;2,00;2,00;2,00;2,00;2,00;1,00;2,00;7,00;2,00;0,00;0,00;0,00;0,00;0,00;0,00;1,00;1,00;2,00;2,00;2,00;2,00;2,00;2,00;1,00
429136;1,00;1,00;2,00;2,00;4,00;1,00;1,00;2,00;2,00;2,00;2,00;1,00;2,00;7,00;2,00;0,00;0,00;0,00;0,00;0,00;0,00;1,00;1,00;2,00;2,00;2,00;2,00;2,00;2,00;1,00
429138;3,00;1,00;2,00;2,00;10,00;2,00;2,00;2,00;1,00;2,00;2,00;1,00;2,00;4,00;1,00;2,00;1,00;2,00;8,00;4,00;1,00;1,00;1,00;2,00;2,00;2,00;2,00;2,00;2,00;1,00
429140;2,00;1,00;2,00;2,00;4,00;1,00;1,00;2,00;1,00;2,00;1,00;1,00;2,00;7,00;2,00;0,00;0,00;0,00;0,00;0,00;0,00;1,00;1,00;2,00;2,00;2,00;2,00;2,00;1,00;1,00
429148;2,00;1,00;2,00;2,00;4,00;2,00;2,00;2,00;2,00;2,00;2,00;1,00;1,00;4,00;2,00;0,00;0,00;0,00;0,00;0,00;0,00;1,00;1,00;2,00;2,00;2,00;2,00;2,00;2,00;1,00
429150;4,00;1,00;2,00;2,00;8,00;2,00;4,00;1,00;1,00;2,00;2,00;2,00;1,00;3,00;1,00;3,00;3,00;3,00;1,00;4,00;2,00;1,00;1,00;2,00;2,00;2,00;2,00;2,00;2,00;1,00
429152;2,00;1,00;2,00;2,00;20,00;1,00;1,00;2,00;1,00;1,00;2,00;1,00;2,00;4,00;2,00;0,00;0,00;0,00;0,00;0,00;0,00;1,00;1,00;2,00;2,00;2,00;2,00;2,00;2,00;1,00
429171;2,00;1,00;2,00;2,00;10,00;2,00;2,00;2,00;1,00;2,00;2,00;1,00;2,00;4,00;2,00;0,00;0,00;0,00;0,00;0,00;0,00;1,00;1,00;2,00;2,00;2,00;2,00;2,00;2,00;1,00
429179;2,00;1,00;3,00;2,00;13,00;1,00;1,00;2,00;2,00;2,00;2,00;1,00;1,00;7,00;2,00;0,00;0,00;0,00;0,00;0,00;0,00;1,00;1,00;2,00;2,00;2,00;2,00;2,00;1,00;1,00
429180;2,00;2,00;1,00;2,00;3,00;1,00;1,00;2,00;2,00;2,00;1,00;1,00;2,00;7,00;2,00;0,00;0,00;0,00;0,00;0,00;0,00;1,00;1,00;2,00;2,00;2,00;2,00;2,00;2,00;1,00
429194;2,00;2,00;1,00;2,00;22,00;1,00;1,00;2,00;2,00;2,00;2,00;1,00;2,00;7,00;2,00;0,00;0,00;0,00;0,00;0,00;0,00;1,00;1,00;2,00;2,00;2,00;2,00;2,00;2,00;1,00
429196;2,00;2,00;1,00;2,00;22,00;1,00;1,00;2,00;1,00;2,00;2,00;1,00;2,00;1,00;1,00;1,00;3,00;1,00;3,00;4,00;1,00;1,00;1,00;2,00;2,00;2,00;2,00;2,00;2,00;1,00
429198;2,00;2,00;1,00;2,00;22,00;1,00;1,00;2,00;2,00;2,00;1,00;1,00;2,00;7,00;2,00;0,00;0,00;0,00;0,00;0,00;0,00;1,00;2,00;2,00;1,00;2,00;2,00;2,00;2,00;1,00
429199;3,00;2,00;3,00;2,00;13,00;2,00;4,00;2,00;1,00;2,00;1,00;1,00;2,00;7,00;1,00;1,00;3,00;2,00;1,00;9,00;1,00;1,00;1,00;2,00;2,00;2,00;2,00;2,00;2,00;1,00
429208;1,00;2,00;1,00;2,00;10,00;2,00;4,00;2,00;2,00;2,00;1,00;1,00;1,00;7,00;2,00;0,00;0,00;0,00;0,00;0,00;0,00;1,00;2,00;2,00;2,00;2,00;2,00;2,00;2,00;2,00
429211;1,00;1,00;2,00;2,00;29,00;1,00;1,00;2,00;2,00;2,00;2,00;1,00;2,00;7,00;2,00;0,00;0,00;0,00;0,00;0,00;0,00;1,00;1,00;2,00;2,00;2,00;2,00;2,00;2,00;1,00
429239;3,00;1,00;2,00;2,00;1,00;2,00;4,00;2,00;1,00;2,00;2,00;1,00;1,00;4,00;2,00;0,00;0,00;0,00;0,00;0,00;0,00;1,00;1,00;2,00;2,00;2,00;2,00;2,00;1,00;1,00
429247;3,00;1,00;2,00;2,00;28,00;2,00;4,00;1,00;1,00;2,00;2,00;1,00;2,00;3,00;1,00;2,00;3,00;2,00;8,00;4,00;2,00;1,00;1,00;2,00;2,00;2,00;2,00;2,00;2,00;1,00
429249;3,00;1,00;2,00;2,00;8,00;2,00;2,00;2,00;1,00;2,00;2,00;1,00;2,00;6,00;1,00;3,00;3,00;3,00;1,00;4,00;2,00;1,00;1,00;1,00;2,00;2,00;2,00;2,00;2,00;1,00
429250;1,00;1,00;2,00;2,00;4,00;1,00;1,00;2,00;2,00;2,00;2,00;1,00;2,00;4,00;2,00;0,00;0,00;0,00;0,00;0,00;0,00;1,00;1,00;2,00;2,00;2,00;2,00;2,00;2,00;1,00
429255;2,00;2,00;2,00;2,00;6,00;2,00;2,00;2,00;1,00;2,00;2,00;1,00;2,00;4,00;1,00;2,00;3,00;3,00;1,00;5,00;2,00;1,00;1,00;2,00;2,00;2,00;2,00;2,00;2,00;1,00
429261;1,00;1,00;2,00;2,00;25,00;1,00;1,00;2,00;2,00;2,00;2,00;1,00;1,00;7,00;2,00;0,00;0,00;0,00;0,00;0,00;0,00;1,00;1,00;2,00;2,00;2,00;2,00;2,00;1,00;1,00
429271;4,00;1,00;2,00;2,00;3,00;1,00;1,00;1,00;2,00;2,00;2,00;2,00;2,00;3,00;2,00;0,00;0,00;0,00;0,00;0,00;0,00;1,00;1,00;2,00;2,00;2,00;2,00;2,00;2,00;1,00
429282;2,00;1,00;2,00;2,00;29,00;1,00;1,00;2,00;2,00;2,00;2,00;1,00;1,00;7,00;2,00;0,00;0,00;0,00;0,00;0,00;0,00;1,00;1,00;2,00;2,00;2,00;2,00;2,00;1,00;1,00
429286;1,00;1,00;2,00;2,00;29,00;1,00;1,00;2,00;2,00;2,00;2,00;1,00;2,00;7,00;2,00;0,00;0,00;0,00;0,00;0,00;0,00;1,00;1,00;2,00;2,00;2,00;2,00;2,00;2,00;1,00
429290;1,00;1,00;2,00;3,00;29,00;1,00;1,00;2,00;2,00;2,00;2,00;2,00;2,00;7,00;2,00;0,00;0,00;0,00;0,00;0,00;0,00;1,00;1,00;2,00;2,00;2,00;2,00;2,00;2,00;1,00
429307;2,00;1,00;2,00;2,00;25,00;1,00;1,00;2,00;1,00;2,00;2,00;1,00;1,00;7,00;2,00;0,00;0,00;0,00;0,00;0,00;0,00;1,00;1,00;2,00;2,00;2,00;2,00;2,00;2,00;1,00
429357;3,00;1,00;2,00;2,00;4,00;2,00;4,00;2,00;1,00;2,00;2,00;1,00;1,00;4,00;1,00;1,00;4,00;2,00;9,00;4,00;2,00;1,00;1,00;1,00;2,00;2,00;2,00;2,00;2,00;1,00
429369;2,00;1,00;2,00;2,00;8,00;1,00;1,00;2,00;2,00;2,00;2,00;1,00;2,00;7,00;2,00;0,00;0,00;0,00;0,00;0,00;0,00;1,00;1,00;2,00;2,00;2,00;2,00;2,00;2,00;1,00
429370;4,00;1,00;3,00;2,00;12,00;2,00;2,00;2,00;2,00;2,00;2,00;2,00;1,00;6,00;2,00;0,00;0,00;0,00;0,00;0,00;0,00;1,00;1,00;2,00;2,00;2,00;2,00;2,00;2,00;1,00
429573;4,00;1,00;2,00;2,00;8,00;2,00;2,00;2,00;1,00;2,00;1,00;1,00;1,00;4,00;1,00;1,00;3,00;1,00;3,00;4,00;2,00;1,00;1,00;2,00;2,00;2,00;2,00;2,00;2,00;1,00
429577;2,00;1,00;2,00;2,00;13,00;2,00;2,00;2,00;1,00;2,00;2,00;1,00;2,00;4,00;2,00;0,00;0,00;0,00;0,00;0,00;0,00;1,00;1,00;2,00;2,00;2,00;2,00;2,00;2,00;1,00
429579;2,00;2,00;1,00;2,00;10,00;1,00;1,00;2,00;2,00;2,00;1,00;1,00;2,00;7,00;2,00;0,00;0,00;0,00;0,00;0,00;0,00;1,00;1,00;2,00;2,00;2,00;2,00;2,00;1,00;1,00
429580;2,00;1,00;2,00;2,00;17,00;2,00;2,00;2,00;1,00;2,00;2,00;1,00;2,00;4,00;1,00;2,00;3,00;3,00;10,00;4,00;2,00;1,00;1,00;1,00;2,00;2,00;2,00;2,00;2,00;1,00
429583;2,00;1,00;3,00;2,00;3,00;1,00;1,00;2,00;2,00;2,00;2,00;1,00;2,00;7,00;2,00;0,00;0,00;0,00;0,00;0,00;0,00;1,00;1,00;2,00;2,00;2,00;2,00;2,00;1,00;1,00
429590;4,00;1,00;2,00;2,00;13,00;2,00;2,00;1,00;2,00;2,00;2,00;1,00;2,00;3,00;2,00;0,00;0,00;0,00;0,00;0,00;0,00;1,00;1,00;2,00;2,00;2,00;2,00;2,00;2,00;1,00
429594;1,00;1,00;2,00;3,00;10,00;1,00;1,00;2,00;2,00;2,00;2,00;2,00;2,00;7,00;2,00;0,00;0,00;0,00;0,00;0,00;0,00;1,00;1,00;2,00;2,00;2,00;2,00;2,00;2,00;1,00
429628;1,00;1,00;3,00;3,00;25,00;1,00;1,00;2,00;2,00;2,00;2,00;2,00;2,00;7,00;2,00;0,00;0,00;0,00;0,00;0,00;0,00;1,00;1,00;2,00;2,00;2,00;2,00;2,00;2,00;1,00
429630;1,00;1,00;2,00;3,00;6,00;1,00;1,00;2,00;2,00;2,00;2,00;2,00;2,00;7,00;2,00;0,00;0,00;0,00;0,00;0,00;0,00;1,00;1,00;2,00;2,00;2,00;2,00;2,00;2,00;1,00
429634;2,00;1,00;3,00;2,00;10,00;1,00;1,00;2,00;1,00;2,00;1,00;1,00;1,00;4,00;1,00;1,00;3,00;3,00;8,00;4,00;3,00;1,00;1,00;2,00;2,00;2,00;2,00;2,00;2,00;1,00
429637;2,00;1,00;2,00;2,00;17,00;2,00;2,00;1,00;2,00;2,00;2,00;1,00;2,00;3,00;2,00;0,00;0,00;0,00;0,00;0,00;0,00;1,00;1,00;2,00;2,00;2,00;2,00;2,00;2,00;1,00
429647;4,00;1,00;2,00;2,00;22,00;1,00;1,00;1,00;2,00;2,00;2,00;2,00;2,00;3,00;2,00;0,00;0,00;0,00;0,00;0,00;0,00;1,00;1,00;2,00;2,00;2,00;2,00;2,00;2,00;1,00
429669;3,00;1,00;3,00;2,00;10,00;2,00;4,00;2,00;2,00;2,00;1,00;1,00;2,00;6,00;2,00;0,00;0,00;0,00;0,00;0,00;0,00;1,00;1,00;2,00;2,00;2,00;2,00;2,00;2,00;1,00
429819;1,00;1,00;2,00;2,00;22,00;1,00;1,00;2,00;2,00;2,00;2,00;1,00;1,00;7,00;2,00;0,00;0,00;0,00;0,00;0,00;0,00;1,00;1,00;2,00;2,00;2,00;2,00;2,00;2,00;1,00
429835;1,00;1,00;2,00;3,00;18,00;1,00;1,00;2,00;2,00;2,00;2,00;2,00;2,00;7,00;2,00;0,00;0,00;0,00;0,00;0,00;0,00;1,00;1,00;2,00;2,00;2,00;2,00;2,00;2,00;1,00
429856;2,00;1,00;2,00;2,00;20,00;2,00;2,00;2,00;1,00;2,00;2,00;1,00;1,00;4,00;2,00;0,00;0,00;0,00;0,00;0,00;0,00;1,00;1,00;2,00;2,00;2,00;2,00;2,00;2,00;1,00
429868;1,00;1,00;2,00;3,00;5,00;1,00;1,00;2,00;2,00;2,00;2,00;2,00;2,00;7,00;2,00;0,00;0,00;0,00;0,00;0,00;0,00;1,00;1,00;2,00;2,00;2,00;2,00;2,00;2,00;1,00
429873;1,00;1,00;2,00;3,00;10,00;1,00;1,00;2,00;2,00;2,00;2,00;2,00;2,00;7,00;2,00;0,00;0,00;0,00;0,00;0,00;0,00;1,00;1,00;2,00;2,00;2,00;2,00;2,00;2,00;1,00
429876;3,00;1,00;1,00;2,00;22,00;1,00;1,00;1,00;1,00;2,00;2,00;2,00;2,00;3,00;1,00;1,00;3,00;2,00;3,00;4,00;1,00;1,00;1,00;1,00;2,00;1,00;2,00;2,00;2,00;1,00
429915;3,00;1,00;2,00;2,00;10,00;1,00;1,00;1,00;2,00;2,00;2,00;1,00;1,00;3,00;2,00;0,00;0,00;0,00;0,00;0,00;0,00;1,00;1,00;2,00;2,00;2,00;2,00;2,00;2,00;1,00
429996;2,00;2,00;1,00;2,00;29,00;1,00;1,00;2,00;2,00;2,00;1,00;1,00;2,00;7,00;2,00;0,00;0,00;0,00;0,00;0,00;0,00;1,00;2,00;2,00;2,00;2,00;2,00;2,00;2,00;1,00
430027;1,00;1,00;3,00;2,00;13,00;1,00;1,00;2,00;2,00;2,00;2,00;1,00;2,00;7,00;2,00;0,00;0,00;0,00;0,00;0,00;0,00;1,00;1,00;2,00;2,00;2,00;2,00;2,00;2,00;1,00
430032;1,00;1,00;2,00;2,00;18,00;1,00;1,00;2,00;2,00;2,00;2,00;1,00;2,00;7,00;2,00;0,00;0,00;0,00;0,00;0,00;0,00;1,00;1,00;2,00;2,00;2,00;2,00;2,00;2,00;1,00
430035;1,00;1,00;2,00;2,00;23,00;1,00;1,00;2,00;2,00;2,00;2,00;1,00;2,00;7,00;2,00;0,00;0,00;0,00;0,00;0,00;0,00;1,00;1,00;2,00;2,00;2,00;2,00;2,00;2,00;1,00
430037;2,00;1,00;2,00;2,00;13,00;2,00;3,00;1,00;1,00;2,00;2,00;1,00;2,00;3,00;2,00;0,00;0,00;0,00;0,00;0,00;0,00;1,00;1,00;2,00;2,00;2,00;2,00;2,00;2,00;1,00
430040;3,00;1,00;2,00;2,00;29,00;2,00;2,00;2,00;2,00;2,00;2,00;1,00;2,00;7,00;2,00;0,00;0,00;0,00;0,00;0,00;0,00;1,00;1,00;2,00;2,00;2,00;2,00;2,00;2,00;1,00
430049;3,00;1,00;2,00;2,00;20,00;2,00;2,00;1,00;2,00;2,00;2,00;1,00;2,00;3,00;2,00;0,00;0,00;0,00;0,00;0,00;0,00;1,00;2,00;2,00;2,00;2,00;2,00;2,00;2,00;1,00
430053;2,00;1,00;2,00;2,00;4,00;2,00;4,00;2,00;1,00;2,00;2,00;1,00;1,00;4,00;2,00;0,00;0,00;0,00;0,00;0,00;0,00;1,00;1,00;1,00;2,00;2,00;2,00;2,00;2,00;1,00
430092;1,00;1,00;2,00;2,00;10,00;1,00;1,00;2,00;2,00;2,00;1,00;1,00;2,00;7,00;2,00;0,00;0,00;0,00;0,00;0,00;0,00;1,00;1,00;2,00;2,00;2,00;2,00;2,00;2,00;1,00
430094;1,00;1,00;2,00;2,00;17,00;1,00;1,00;2,00;1,00;2,00;2,00;1,00;1,00;7,00;2,00;0,00;0,00;0,00;0,00;0,00;0,00;1,00;1,00;2,00;2,00;2,00;2,00;2,00;2,00;1,00
430131;2,00;2,00;2,00;2,00;17,00;2,00;2,00;2,00;1,00;2,00;2,00;1,00;2,00;5,00;1,00;1,00;1,00;3,00;1,00;4,00;1,00;1,00;1,00;2,00;2,00;2,00;2,00;2,00;2,00;1,00
430135;1,00;1,00;2,00;2,00;25,00;1,00;1,00;2,00;1,00;2,00;2,00;1,00;2,00;7,00;1,00;1,00;3,00;2,00;3,00;4,00;2,00;1,00;1,00;2,00;2,00;2,00;2,00;2,00;2,00;1,00
430150;1,00;2,00;1,00;2,00;3,00;1,00;1,00;2,00;2,00;2,00;2,00;1,00;2,00;7,00;2,00;0,00;0,00;0,00;0,00;0,00;0,00;1,00;1,00;2,00;2,00;2,00;2,00;2,00;2,00;1,00
430157;1,00;1,00;2,00;2,00;10,00;1,00;1,00;2,00;2,00;2,00;1,00;1,00;2,00;7,00;2,00;0,00;0,00;0,00;0,00;0,00;0,00;1,00;1,00;2,00;2,00;2,00;2,00;2,00;2,00;1,00
430163;4,00;1,00;3,00;2,00;8,00;2,00;3,00;1,00;1,00;2,00;2,00;1,00;2,00;3,00;1,00;1,00;3,00;2,00;12,00;4,00;3,00;1,00;1,00;1,00;2,00;2,00;2,00;2,00;2,00;1,00
430184;1,00;1,00;3,00;2,00;10,00;1,00;1,00;2,00;1,00;2,00;2,00;1,00;2,00;4,00;2,00;0,00;0,00;0,00;0,00;0,00;0,00;1,00;1,00;2,00;2,00;2,00;2,00;2,00;2,00;1,00
430187;1,00;1,00;2,00;2,00;18,00;1,00;1,00;2,00;2,00;2,00;2,00;1,00;2,00;7,00;2,00;0,00;0,00;0,00;0,00;0,00;0,00;1,00;1,00;2,00;2,00;2,00;2,00;2,00;2,00;1,00
430189;2,00;1,00;2,00;2,00;26,00;2,00;3,00;2,00;2,00;2,00;2,00;1,00;2,00;4,00;2,00;0,00;0,00;0,00;0,00;0,00;0,00;1,00;1,00;2,00;2,00;2,00;2,00;2,00;2,00;1,00
430208;2,00;1,00;2,00;2,00;18,00;1,00;1,00;2,00;2,00;2,00;2,00;1,00;1,00;7,00;2,00;0,00;0,00;0,00;0,00;0,00;0,00;1,00;1,00;2,00;2,00;2,00;2,00;2,00;2,00;1,00
430223;2,00;1,00;2,00;2,00;8,00;1,00;1,00;2,00;1,00;2,00;2,00;1,00;1,00;7,00;2,00;0,00;0,00;0,00;0,00;0,00;0,00;1,00;1,00;2,00;2,00;2,00;2,00;2,00;2,00;1,00
430255;4,00;1,00;2,00;2,00;4,00;1,00;1,00;1,00;2,00;1,00;2,00;2,00;2,00;2,00;2,00;0,00;0,00;0,00;0,00;0,00;0,00;1,00;1,00;2,00;2,00;2,00;2,00;2,00;2,00;1,00
430348;1,00;1,00;2,00;2,00;18,00;1,00;1,00;2,00;2,00;2,00;2,00;1,00;2,00;7,00;2,00;0,00;0,00;0,00;0,00;0,00;0,00;1,00;1,00;2,00;2,00;2,00;2,00;2,00;2,00;1,00
430364;1,00;1,00;2,00;3,00;4,00;1,00;1,00;2,00;2,00;2,00;2,00;2,00;2,00;7,00;2,00;0,00;0,00;0,00;0,00;0,00;0,00;1,00;1,00;2,00;2,00;2,00;2,00;2,00;1,00;1,00
430367;4,00;1,00;2,00;2,00;4,00;2,00;2,00;2,00;1,00;2,00;2,00;1,00;2,00;7,00;2,00;0,00;0,00;0,00;0,00;0,00;0,00;1,00;1,00;2,00;2,00;2,00;2,00;2,00;2,00;1,00
430369;2,00;2,00;1,00;2,00;22,00;1,00;1,00;2,00;2,00;2,00;2,00;1,00;2,00;7,00;2,00;0,00;0,00;0,00;0,00;0,00;0,00;1,00;1,00;2,00;2,00;2,00;2,00;2,00;2,00;1,00
430376;3,00;1,00;3,00;2,00;29,00;2,00;2,00;2,00;2,00;2,00;2,00;1,00;2,00;7,00;2,00;0,00;0,00;0,00;0,00;0,00;0,00;1,00;1,00;2,00;2,00;2,00;2,00;2,00;2,00;1,00
430379;1,00;1,00;2,00;2,00;10,00;2,00;2,00;2,00;1,00;2,00;2,00;1,00;1,00;4,00;1,00;2,00;2,00;1,00;3,00;4,00;2,00;1,00;1,00;1,00;2,00;2,00;2,00;2,00;2,00;1,00
430392;2,00;2,00;1,00;2,00;22,00;1,00;1,00;2,00;1,00;2,00;1,00;1,00;1,00;7,00;1,00;1,00;4,00;1,00;7,00;4,00;1,00;1,00;2,00;2,00;2,00;2,00;2,00;2,00;2,00;1,00
430405;1,00;1,00;2,00;3,00;28,00;1,00;1,00;2,00;2,00;2,00;2,00;2,00;2,00;7,00;2,00;0,00;0,00;0,00;0,00;0,00;0,00;1,00;1,00;2,00;2,00;2,00;2,00;2,00;2,00;1,00
430407;1,00;1,00;3,00;2,00;1,00;2,00;4,00;2,00;1,00;2,00;1,00;1,00;2,00;4,00;1,00;1,00;4,00;3,00;11,00;4,00;3,00;1,00;1,00;2,00;2,00;2,00;2,00;2,00;2,00;1,00
430413;3,00;1,00;2,00;2,00;8,00;2,00;2,00;1,00;2,00;2,00;2,00;1,00;1,00;3,00;2,00;0,00;0,00;0,00;0,00;0,00;0,00;1,00;1,00;2,00;2,00;2,00;2,00;2,00;2,00;1,00
430452;1,00;1,00;2,00;2,00;4,00;1,00;1,00;2,00;2,00;2,00;2,00;1,00;2,00;7,00;2,00;0,00;0,00;0,00;0,00;0,00;0,00;1,00;1,00;2,00;2,00;2,00;2,00;2,00;2,00;1,00
430460;1,00;1,00;2,00;3,00;25,00;1,00;1,00;2,00;2,00;2,00;2,00;2,00;2,00;7,00;2,00;0,00;0,00;0,00;0,00;0,00;0,00;1,00;1,00;2,00;2,00;2,00;2,00;2,00;2,00;1,00
430463;4,00;1,00;2,00;2,00;22,00;2,00;2,00;2,00;1,00;2,00;2,00;1,00;1,00;6,00;2,00;0,00;0,00;0,00;0,00;0,00;0,00;1,00;1,00;1,00;2,00;2,00;2,00;2,00;2,00;1,00
430464;2,00;1,00;2,00;2,00;17,00;2,00;2,00;2,00;1,00;2,00;2,00;1,00;2,00;4,00;1,00;2,00;3,00;3,00;3,00;5,00;2,00;1,00;1,00;2,00;2,00;2,00;2,00;2,00;2,00;1,00
430478;1,00;1,00;3,00;3,00;10,00;1,00;1,00;2,00;2,00;2,00;2,00;2,00;2,00;7,00;2,00;0,00;0,00;0,00;0,00;0,00;0,00;1,00;1,00;2,00;2,00;2,00;2,00;2,00;2,00;1,00
430486;4,00;1,00;2,00;2,00;7,00;1,00;1,00;1,00;2,00;2,00;1,00;2,00;2,00;3,00;2,00;0,00;0,00;0,00;0,00;0,00;0,00;1,00;1,00;1,00;2,00;2,00;2,00;2,00;2,00;1,00
430497;2,00;2,00;3,00;2,00;22,00;1,00;1,00;2,00;1,00;2,00;2,00;1,00;1,00;1,00;1,00;1,00;4,00;3,00;12,00;4,00;3,00;1,00;1,00;2,00;2,00;2,00;2,00;2,00;2,00;1,00
430505;2,00;1,00;2,00;2,00;4,00;1,00;1,00;2,00;2,00;2,00;1,00;1,00;1,00;7,00;2,00;0,00;0,00;0,00;0,00;0,00;0,00;1,00;1,00;2,00;2,00;2,00;2,00;2,00;2,00;1,00
430542;2,00;1,00;2,00;2,00;12,00;2,00;2,00;2,00;1,00;2,00;2,00;1,00;2,00;4,00;1,00;2,00;3,00;3,00;1,00;4,00;2,00;1,00;1,00;1,00;2,00;2,00;2,00;2,00;2,00;1,00
430557;2,00;2,00;1,00;2,00;3,00;2,00;3,00;2,00;2,00;2,00;1,00;1,00;1,00;7,00;2,00;0,00;0,00;0,00;0,00;0,00;0,00;1,00;2,00;2,00;2,00;2,00;2,00;2,00;2,00;1,00
430588;2,00;2,00;1,00;2,00;22,00;1,00;1,00;2,00;2,00;2,00;1,00;1,00;1,00;6,00;2,00;0,00;0,00;0,00;0,00;0,00;0,00;1,00;2,00;2,00;2,00;2,00;2,00;2,00;2,00;1,00
430589;2,00;2,00;1,00;2,00;22,00;1,00;1,00;2,00;1,00;2,00;2,00;1,00;1,00;4,00;1,00;1,00;3,00;1,00;7,00;4,00;1,00;1,00;1,00;2,00;2,00;2,00;2,00;2,00;2,00;1,00
430640;2,00;1,00;2,00;2,00;21,00;1,00;1,00;2,00;2,00;2,00;2,00;1,00;2,00;7,00;2,00;0,00;0,00;0,00;0,00;0,00;0,00;1,00;1,00;2,00;2,00;2,00;2,00;2,00;1,00;1,00
430690;2,00;1,00;2,00;2,00;22,00;2,00;3,00;1,00;1,00;2,00;2,00;1,00;2,00;3,00;2,00;0,00;0,00;0,00;0,00;0,00;0,00;1,00;1,00;2,00;2,00;2,00;2,00;2,00;2,00;1,00
430696;3,00;1,00;2,00;2,00;13,00;2,00;3,00;1,00;1,00;2,00;2,00;1,00;2,00;3,00;2,00;0,00;0,00;0,00;0,00;0,00;0,00;1,00;1,00;2,00;2,00;2,00;2,00;2,00;1,00;1,00
430717;1,00;1,00;2,00;3,00;29,00;1,00;1,00;2,00;2,00;2,00;2,00;2,00;2,00;7,00;2,00;0,00;0,00;0,00;0,00;0,00;0,00;1,00;1,00;2,00;2,00;2,00;2,00;2,00;2,00;1,00
430731;4,00;1,00;2,00;2,00;4,00;1,00;1,00;1,00;1,00;2,00;2,00;2,00;1,00;3,00;2,00;0,00;0,00;0,00;0,00;0,00;0,00;1,00;1,00;2,00;2,00;2,00;2,00;2,00;2,00;1,00
430746;1,00;1,00;2,00;2,00;8,00;1,00;1,00;2,00;2,00;2,00;2,00;1,00;2,00;7,00;2,00;0,00;0,00;0,00;0,00;0,00;0,00;1,00;1,00;2,00;2,00;2,00;2,00;2,00;2,00;1,00
430770;1,00;1,00;3,00;2,00;13,00;1,00;1,00;2,00;2,00;2,00;2,00;2,00;2,00;4,00;2,00;0,00;0,00;0,00;0,00;0,00;0,00;1,00;1,00;2,00;2,00;2,00;2,00;2,00;2,00;1,00
430797;1,00;1,00;2,00;2,00;15,00;1,00;1,00;2,00;2,00;2,00;2,00;1,00;1,00;7,00;2,00;0,00;0,00;0,00;0,00;0,00;0,00;1,00;1,00;2,00;2,00;2,00;2,00;2,00;2,00;1,00
430827;3,00;1,00;3,00;2,00;13,00;2,00;3,00;2,00;1,00;2,00;2,00;1,00;2,00;4,00;1,00;2,00;3,00;2,00;10,00;4,00;3,00;1,00;1,00;2,00;2,00;2,00;2,00;2,00;2,00;1,00
430828;3,00;1,00;2,00;2,00;12,00;2,00;4,00;2,00;1,00;2,00;2,00;1,00;1,00;4,00;2,00;0,00;0,00;0,00;0,00;0,00;0,00;1,00;1,00;2,00;2,00;2,00;2,00;2,00;2,00;1,00
430837;3,00;1,00;3,00;2,00;13,00;2,00;4,00;2,00;1,00;2,00;2,00;1,00;2,00;6,00;2,00;0,00;0,00;0,00;0,00;0,00;0,00;1,00;1,00;2,00;2,00;2,00;2,00;2,00;2,00;1,00
430844;2,00;1,00;2,00;2,00;8,00;1,00;1,00;2,00;2,00;2,00;1,00;1,00;1,00;4,00;2,00;0,00;0,00;0,00;0,00;0,00;0,00;1,00;1,00;2,00;2,00;2,00;2,00;2,00;2,00;1,00
430845;2,00;1,00;2,00;2,00;17,00;1,00;1,00;2,00;1,00;2,00;2,00;1,00;2,00;5,00;1,00;3,00;2,00;2,00;1,00;4,00;3,00;1,00;1,00;2,00;2,00;2,00;2,00;2,00;2,00;1,00
430858;4,00;1,00;2,00;2,00;14,00;2,00;2,00;2,00;1,00;2,00;2,00;1,00;2,00;4,00;1,00;2,00;3,00;2,00;3,00;4,00;2,00;1,00;1,00;2,00;2,00;2,00;2,00;2,00;2,00;1,00
430884;4,00;1,00;2,00;2,00;13,00;1,00;1,00;1,00;2,00;2,00;2,00;2,00;2,00;3,00;2,00;0,00;0,00;0,00;0,00;0,00;0,00;1,00;1,00;2,00;2,00;2,00;2,00;2,00;2,00;1,00
430909;2,00;1,00;2,00;2,00;10,00;1,00;1,00;2,00;2,00;2,00;2,00;1,00;2,00;4,00;2,00;0,00;0,00;0,00;0,00;0,00;0,00;1,00;1,00;2,00;2,00;2,00;2,00;2,00;2,00;1,00
430942;1,00;2,00;1,00;2,00;10,00;1,00;1,00;2,00;1,00;2,00;1,00;2,00;1,00;1,00;1,00;1,00;2,00;1,00;10,00;4,00;1,00;1,00;1,00;2,00;2,00;2,00;2,00;2,00;2,00;1,00
430990;3,00;1,00;2,00;2,00;1,00;1,00;1,00;1,00;2,00;2,00;2,00;1,00;1,00;3,00;2,00;0,00;0,00;0,00;0,00;0,00;0,00;1,00;1,00;2,00;2,00;2,00;2,00;2,00;2,00;1,00
430994;2,00;1,00;2,00;2,00;10,00;1,00;1,00;2,00;2,00;2,00;1,00;1,00;2,00;4,00;2,00;0,00;0,00;0,00;0,00;0,00;0,00;1,00;1,00;2,00;2,00;2,00;2,00;2,00;2,00;1,00
430998;1,00;1,00;2,00;2,00;17,00;1,00;1,00;2,00;1,00;2,00;2,00;1,00;2,00;4,00;2,00;0,00;0,00;0,00;0,00;0,00;0,00;1,00;1,00;2,00;2,00;2,00;2,00;2,00;2,00;1,00
431000;1,00;1,00;3,00;3,00;10,00;1,00;1,00;2,00;2,00;2,00;2,00;2,00;2,00;7,00;2,00;0,00;0,00;0,00;0,00;0,00;0,00;1,00;1,00;2,00;2,00;2,00;2,00;2,00;2,00;1,00
431002;1,00;1,00;2,00;3,00;27,00;1,00;1,00;2,00;2,00;2,00;2,00;2,00;2,00;7,00;2,00;0,00;0,00;0,00;0,00;0,00;0,00;1,00;1,00;2,00;2,00;2,00;2,00;2,00;2,00;1,00
431006;3,00;2,00;1,00;2,00;3,00;1,00;1,00;2,00;2,00;2,00;2,00;1,00;2,00;7,00;2,00;0,00;0,00;0,00;0,00;0,00;0,00;1,00;1,00;2,00;2,00;2,00;2,00;2,00;2,00;1,00
431022;1,00;1,00;2,00;3,00;17,00;1,00;1,00;2,00;2,00;2,00;2,00;2,00;2,00;7,00;2,00;0,00;0,00;0,00;0,00;0,00;0,00;1,00;1,00;2,00;2,00;2,00;2,00;2,00;2,00;1,00
431099;2,00;2,00;1,00;2,00;22,00;1,00;1,00;2,00;1,00;2,00;1,00;1,00;2,00;1,00;1,00;1,00;3,00;2,00;10,00;4,00;1,00;1,00;2,00;2,00;1,00;2,00;2,00;2,00;2,00;1,00
431106;2,00;1,00;2,00;2,00;4,00;2,00;2,00;2,00;1,00;2,00;2,00;1,00;2,00;4,00;1,00;3,00;3,00;2,00;9,00;4,00;2,00;1,00;1,00;2,00;2,00;2,00;2,00;2,00;2,00;1,00
431127;2,00;1,00;2,00;2,00;26,00;1,00;1,00;1,00;2,00;2,00;2,00;1,00;2,00;3,00;2,00;0,00;0,00;0,00;0,00;0,00;0,00;1,00;1,00;2,00;2,00;2,00;2,00;2,00;2,00;1,00
431145;2,00;1,00;2,00;2,00;18,00;2,00;3,00;2,00;2,00;2,00;2,00;1,00;2,00;4,00;2,00;0,00;0,00;0,00;0,00;0,00;0,00;1,00;1,00;2,00;2,00;2,00;2,00;2,00;2,00;1,00
431159;2,00;1,00;2,00;2,00;23,00;2,00;4,00;2,00;1,00;2,00;2,00;2,00;1,00;5,00;2,00;0,00;0,00;0,00;0,00;0,00;0,00;1,00;1,00;2,00;2,00;2,00;2,00;2,00;2,00;1,00
431240;1,00;1,00;2,00;2,00;4,00;1,00;1,00;2,00;2,00;2,00;2,00;1,00;2,00;7,00;2,00;0,00;0,00;0,00;0,00;0,00;0,00;1,00;1,00;2,00;2,00;2,00;2,00;2,00;2,00;1,00
431258;2,00;2,00;1,00;2,00;3,00;1,00;1,00;2,00;2,00;2,00;1,00;2,00;2,00;4,00;2,00;0,00;0,00;0,00;0,00;0,00;0,00;1,00;1,00;2,00;2,00;2,00;2,00;2,00;1,00;1,00
431264;2,00;1,00;2,00;2,00;17,00;2,00;2,00;2,00;1,00;2,00;2,00;1,00;1,00;4,00;1,00;1,00;1,00;1,00;7,00;4,00;1,00;1,00;1,00;1,00;2,00;2,00;2,00;2,00;2,00;1,00
431266;4,00;1,00;2,00;2,00;13,00;1,00;1,00;2,00;1,00;2,00;2,00;1,00;2,00;1,00;2,00;0,00;0,00;0,00;0,00;0,00;0,00;1,00;1,00;2,00;2,00;2,00;2,00;2,00;2,00;1,00
431283;3,00;1,00;2,00;2,00;6,00;2,00;2,00;2,00;1,00;2,00;2,00;1,00;1,00;4,00;1,00;1,00;2,00;1,00;1,00;4,00;2,00;1,00;1,00;1,00;2,00;2,00;2,00;2,00;2,00;1,00
431289;4,00;1,00;2,00;2,00;18,00;1,00;1,00;1,00;2,00;1,00;2,00;2,00;2,00;2,00;2,00;0,00;0,00;0,00;0,00;0,00;0,00;1,00;1,00;2,00;2,00;2,00;2,00;2,00;2,00;1,00
431300;2,00;1,00;2,00;2,00;20,00;2,00;4,00;2,00;2,00;2,00;1,00;1,00;1,00;7,00;2,00;0,00;0,00;0,00;0,00;0,00;0,00;1,00;1,00;2,00;2,00;2,00;2,00;2,00;2,00;1,00
431303;2,00;1,00;2,00;2,00;4,00;1,00;1,00;2,00;2,00;2,00;2,00;1,00;1,00;4,00;2,00;0,00;0,00;0,00;0,00;0,00;0,00;1,00;1,00;2,00;2,00;2,00;2,00;2,00;2,00;1,00
431387;1,00;2,00;1,00;2,00;3,00;2,00;4,00;2,00;1,00;2,00;2,00;1,00;2,00;1,00;1,00;1,00;1,00;3,00;9,00;4,00;1,00;1,00;1,00;2,00;2,00;2,00;2,00;2,00;1,00;1,00
431396;1,00;1,00;2,00;3,00;4,00;1,00;1,00;2,00;2,00;2,00;2,00;2,00;2,00;7,00;2,00;0,00;0,00;0,00;0,00;0,00;0,00;1,00;1,00;2,00;2,00;2,00;2,00;2,00;1,00;1,00
431402;1,00;1,00;2,00;2,00;15,00;1,00;1,00;2,00;1,00;2,00;2,00;1,00;1,00;7,00;2,00;0,00;0,00;0,00;0,00;0,00;0,00;1,00;1,00;2,00;2,00;2,00;2,00;2,00;2,00;1,00
431420;1,00;1,00;2,00;3,00;2,00;1,00;1,00;2,00;2,00;2,00;2,00;2,00;2,00;7,00;2,00;0,00;0,00;0,00;0,00;0,00;0,00;1,00;1,00;2,00;2,00;2,00;2,00;2,00;2,00;1,00
431421;1,00;1,00;2,00;3,00;2,00;1,00;1,00;2,00;2,00;2,00;2,00;2,00;2,00;7,00;2,00;0,00;0,00;0,00;0,00;0,00;0,00;1,00;1,00;2,00;2,00;2,00;2,00;2,00;2,00;1,00
431422;1,00;1,00;2,00;3,00;4,00;1,00;1,00;2,00;2,00;2,00;2,00;2,00;2,00;7,00;2,00;0,00;0,00;0,00;0,00;0,00;0,00;1,00;1,00;2,00;2,00;2,00;2,00;2,00;2,00;1,00
431423;1,00;1,00;2,00;3,00;2,00;1,00;1,00;2,00;2,00;2,00;2,00;2,00;2,00;7,00;2,00;0,00;0,00;0,00;0,00;0,00;0,00;1,00;1,00;2,00;2,00;2,00;2,00;2,00;2,00;1,00
431424;4,00;1,00;2,00;2,00;20,00;2,00;4,00;2,00;1,00;2,00;2,00;2,00;2,00;4,00;1,00;2,00;3,00;3,00;9,00;4,00;2,00;1,00;1,00;2,00;2,00;2,00;2,00;2,00;2,00;1,00
431425;4,00;1,00;2,00;2,00;25,00;2,00;2,00;2,00;1,00;2,00;2,00;1,00;2,00;1,00;2,00;0,00;0,00;0,00;0,00;0,00;0,00;1,00;1,00;1,00;2,00;2,00;2,00;2,00;2,00;1,00
431426;2,00;1,00;2,00;2,00;15,00;1,00;1,00;2,00;1,00;2,00;1,00;1,00;2,00;4,00;1,00;3,00;2,00;3,00;9,00;4,00;2,00;1,00;1,00;2,00;2,00;2,00;2,00;2,00;2,00;1,00
431441;1,00;1,00;2,00;2,00;14,00;1,00;1,00;2,00;2,00;2,00;2,00;1,00;2,00;7,00;2,00;0,00;0,00;0,00;0,00;0,00;0,00;1,00;1,00;2,00;2,00;2,00;2,00;2,00;2,00;1,00
431468;3,00;1,00;2,00;2,00;8,00;2,00;2,00;2,00;1,00;2,00;2,00;1,00;2,00;4,00;1,00;3,00;3,00;3,00;2,00;5,00;2,00;1,00;1,00;2,00;2,00;2,00;2,00;2,00;2,00;1,00
431469;4,00;1,00;2,00;2,00;14,00;2,00;4,00;2,00;1,00;2,00;2,00;1,00;2,00;4,00;2,00;0,00;0,00;0,00;0,00;0,00;0,00;1,00;1,00;2,00;2,00;2,00;2,00;2,00;2,00;2,00
431481;1,00;1,00;2,00;3,00;17,00;1,00;1,00;2,00;2,00;2,00;2,00;2,00;2,00;7,00;2,00;0,00;0,00;0,00;0,00;0,00;0,00;1,00;1,00;2,00;2,00;2,00;2,00;2,00;2,00;1,00
431484;2,00;1,00;2,00;2,00;10,00;1,00;1,00;1,00;1,00;2,00;2,00;2,00;2,00;3,00;1,00;2,00;1,00;2,00;1,00;4,00;1,00;1,00;1,00;2,00;2,00;2,00;2,00;2,00;2,00;1,00
431487;2,00;1,00;2,00;2,00;6,00;2,00;4,00;2,00;1,00;2,00;1,00;1,00;1,00;4,00;1,00;3,00;3,00;3,00;10,00;4,00;2,00;1,00;1,00;2,00;2,00;2,00;2,00;2,00;2,00;1,00
431488;4,00;1,00;2,00;2,00;20,00;2,00;2,00;2,00;1,00;2,00;2,00;2,00;2,00;7,00;1,00;1,00;3,00;1,00;3,00;4,00;2,00;1,00;1,00;2,00;2,00;2,00;2,00;2,00;2,00;1,00
431501;2,00;2,00;1,00;2,00;22,00;1,00;1,00;2,00;2,00;2,00;1,00;1,00;2,00;7,00;2,00;0,00;0,00;0,00;0,00;0,00;0,00;1,00;1,00;2,00;1,00;2,00;2,00;2,00;2,00;1,00
431505;1,00;1,00;2,00;3,00;2,00;1,00;1,00;2,00;2,00;2,00;2,00;2,00;2,00;7,00;2,00;0,00;0,00;0,00;0,00;0,00;0,00;1,00;1,00;2,00;2,00;2,00;2,00;2,00;2,00;1,00
431528;1,00;1,00;2,00;2,00;19,00;1,00;1,00;2,00;2,00;2,00;2,00;1,00;2,00;7,00;2,00;0,00;0,00;0,00;0,00;0,00;0,00;1,00;1,00;2,00;2,00;2,00;2,00;2,00;2,00;1,00
431548;1,00;1,00;2,00;2,00;14,00;1,00;1,00;2,00;2,00;2,00;2,00;1,00;2,00;7,00;2,00;0,00;0,00;0,00;0,00;0,00;0,00;1,00;1,00;2,00;2,00;2,00;2,00;2,00;2,00;2,00
431550;2,00;1,00;2,00;2,00;13,00;2,00;4,00;2,00;1,00;2,00;2,00;1,00;2,00;4,00;2,00;0,00;0,00;0,00;0,00;0,00;0,00;1,00;1,00;2,00;2,00;2,00;2,00;2,00;2,00;1,00
431654;4,00;1,00;2,00;2,00;4,00;1,00;1,00;1,00;2,00;1,00;2,00;2,00;2,00;2,00;2,00;0,00;0,00;0,00;0,00;0,00;0,00;1,00;1,00;2,00;2,00;2,00;2,00;2,00;2,00;1,00
431704;1,00;1,00;2,00;3,00;29,00;1,00;1,00;2,00;2,00;2,00;2,00;2,00;2,00;7,00;2,00;0,00;0,00;0,00;0,00;0,00;0,00;1,00;1,00;2,00;2,00;2,00;2,00;2,00;2,00;1,00
431718;4,00;1,00;2,00;2,00;22,00;1,00;1,00;1,00;1,00;2,00;2,00;2,00;1,00;4,00;2,00;0,00;0,00;0,00;0,00;0,00;0,00;1,00;1,00;2,00;2,00;2,00;2,00;2,00;2,00;1,00
431793;1,00;1,00;2,00;3,00;29,00;1,00;1,00;2,00;2,00;2,00;2,00;2,00;2,00;7,00;2,00;0,00;0,00;0,00;0,00;0,00;0,00;1,00;1,00;2,00;2,00;2,00;2,00;2,00;2,00;1,00
431795;3,00;1,00;2,00;2,00;8,00;2,00;2,00;2,00;1,00;2,00;2,00;1,00;1,00;4,00;1,00;2,00;2,00;3,00;1,00;4,00;2,00;1,00;1,00;2,00;2,00;2,00;2,00;2,00;2,00;1,00
431796;2,00;1,00;2,00;2,00;12,00;2,00;4,00;2,00;2,00;2,00;1,00;1,00;2,00;7,00;2,00;0,00;0,00;0,00;0,00;0,00;0,00;1,00;1,00;1,00;2,00;2,00;2,00;2,00;2,00;1,00
431798;3,00;1,00;3,00;2,00;10,00;2,00;4,00;2,00;1,00;2,00;1,00;1,00;2,00;4,00;2,00;0,00;0,00;0,00;0,00;0,00;0,00;1,00;1,00;2,00;2,00;2,00;2,00;2,00;2,00;1,00
431800;3,00;1,00;2,00;2,00;29,00;1,00;1,00;1,00;1,00;2,00;2,00;1,00;2,00;3,00;2,00;0,00;0,00;0,00;0,00;0,00;0,00;1,00;1,00;2,00;2,00;2,00;2,00;2,00;2,00;1,00
431809;3,00;1,00;2,00;2,00;6,00;2,00;4,00;2,00;1,00;2,00;1,00;1,00;1,00;4,00;2,00;0,00;0,00;0,00;0,00;0,00;0,00;1,00;1,00;2,00;2,00;2,00;2,00;2,00;2,00;1,00
431823;4,00;1,00;2,00;2,00;27,00;1,00;1,00;1,00;1,00;2,00;2,00;2,00;2,00;3,00;2,00;0,00;0,00;0,00;0,00;0,00;0,00;1,00;1,00;2,00;2,00;2,00;2,00;2,00;2,00;1,00
431828;4,00;1,00;2,00;2,00;20,00;1,00;1,00;1,00;1,00;2,00;2,00;2,00;2,00;3,00;2,00;0,00;0,00;0,00;0,00;0,00;0,00;1,00;1,00;2,00;2,00;2,00;2,00;2,00;2,00;1,00
431830;3,00;1,00;2,00;2,00;13,00;1,00;1,00;1,00;2,00;2,00;2,00;2,00;2,00;3,00;2,00;0,00;0,00;0,00;0,00;0,00;0,00;1,00;1,00;2,00;2,00;2,00;2,00;2,00;2,00;1,00
431836;2,00;1,00;2,00;2,00;2,00;1,00;1,00;2,00;2,00;2,00;1,00;2,00;2,00;7,00;2,00;0,00;0,00;0,00;0,00;0,00;0,00;1,00;1,00;2,00;2,00;2,00;2,00;2,00;2,00;1,00
431862;1,00;1,00;2,00;2,00;3,00;1,00;1,00;2,00;2,00;2,00;2,00;2,00;2,00;7,00;2,00;0,00;0,00;0,00;0,00;0,00;0,00;1,00;1,00;2,00;2,00;2,00;2,00;2,00;2,00;1,00
431942;1,00;1,00;2,00;3,00;10,00;1,00;1,00;2,00;2,00;2,00;2,00;2,00;2,00;7,00;2,00;0,00;0,00;0,00;0,00;0,00;0,00;1,00;1,00;2,00;2,00;2,00;2,00;2,00;2,00;2,00
431945;2,00;1,00;2,00;2,00;13,00;1,00;1,00;2,00;2,00;2,00;2,00;1,00;1,00;7,00;2,00;0,00;0,00;0,00;0,00;0,00;0,00;1,00;1,00;2,00;2,00;2,00;2,00;2,00;2,00;1,00
431948;1,00;1,00;2,00;2,00;10,00;1,00;1,00;2,00;1,00;2,00;2,00;1,00;1,00;4,00;1,00;2,00;3,00;2,00;10,00;4,00;3,00;1,00;1,00;2,00;2,00;2,00;2,00;2,00;2,00;1,00
431949;2,00;2,00;1,00;2,00;29,00;1,00;1,00;2,00;2,00;2,00;1,00;2,00;2,00;7,00;2,00;0,00;0,00;0,00;0,00;0,00;0,00;1,00;1,00;2,00;2,00;2,00;2,00;2,00;2,00;1,00
431957;2,00;1,00;2,00;2,00;15,00;1,00;1,00;2,00;2,00;2,00;2,00;1,00;2,00;7,00;2,00;0,00;0,00;0,00;0,00;0,00;0,00;1,00;1,00;2,00;2,00;2,00;2,00;2,00;1,00;1,00
432073;4,00;1,00;2,00;2,00;17,00;2,00;4,00;1,00;1,00;2,00;2,00;1,00;2,00;3,00;2,00;0,00;0,00;0,00;0,00;0,00;0,00;1,00;1,00;2,00;2,00;2,00;2,00;2,00;2,00;1,00
432076;1,00;1,00;2,00;3,00;22,00;1,00;1,00;2,00;2,00;2,00;2,00;2,00;2,00;7,00;2,00;0,00;0,00;0,00;0,00;0,00;0,00;1,00;1,00;2,00;2,00;2,00;2,00;2,00;2,00;1,00
432095;3,00;2,00;1,00;2,00;22,00;1,00;1,00;2,00;1,00;2,00;1,00;1,00;2,00;4,00;1,00;1,00;2,00;3,00;10,00;4,00;1,00;1,00;2,00;2,00;2,00;2,00;2,00;2,00;2,00;1,00
432112;2,00;1,00;2,00;2,00;17,00;2,00;4,00;2,00;1,00;2,00;1,00;1,00;2,00;4,00;2,00;0,00;0,00;0,00;0,00;0,00;0,00;1,00;1,00;2,00;2,00;2,00;2,00;2,00;2,00;1,00
432189;1,00;2,00;1,00;2,00;29,00;1,00;1,00;2,00;2,00;2,00;1,00;1,00;2,00;7,00;2,00;0,00;0,00;0,00;0,00;0,00;0,00;1,00;1,00;2,00;2,00;2,00;2,00;2,00;2,00;1,00
432198;1,00;1,00;2,00;3,00;17,00;1,00;1,00;2,00;2,00;2,00;2,00;2,00;2,00;7,00;2,00;0,00;0,00;0,00;0,00;0,00;0,00;1,00;1,00;2,00;2,00;2,00;2,00;2,00;2,00;1,00
432210;1,00;1,00;2,00;3,00;29,00;1,00;1,00;2,00;2,00;2,00;2,00;2,00;2,00;7,00;2,00;0,00;0,00;0,00;0,00;0,00;0,00;1,00;1,00;2,00;2,00;2,00;2,00;2,00;1,00;1,00
432242;1,00;1,00;3,00;3,00;13,00;1,00;1,00;2,00;2,00;2,00;2,00;2,00;2,00;7,00;2,00;0,00;0,00;0,00;0,00;0,00;0,00;1,00;1,00;2,00;2,00;2,00;2,00;2,00;2,00;1,00
432264;2,00;1,00;2,00;2,00;22,00;2,00;4,00;2,00;1,00;2,00;2,00;1,00;1,00;4,00;1,00;1,00;3,00;2,00;3,00;4,00;2,00;1,00;1,00;2,00;2,00;2,00;2,00;2,00;2,00;1,00
432288;1,00;1,00;2,00;3,00;4,00;1,00;1,00;2,00;2,00;2,00;2,00;2,00;2,00;7,00;2,00;0,00;0,00;0,00;0,00;0,00;0,00;1,00;1,00;2,00;2,00;2,00;2,00;2,00;1,00;1,00
432291;2,00;2,00;1,00;2,00;22,00;2,00;4,00;2,00;1,00;2,00;1,00;1,00;2,00;1,00;1,00;1,00;3,00;2,00;11,00;4,00;1,00;1,00;1,00;2,00;2,00;2,00;2,00;2,00;2,00;1,00
432294;1,00;1,00;2,00;2,00;6,00;1,00;1,00;2,00;1,00;2,00;1,00;1,00;2,00;5,00;1,00;1,00;2,00;1,00;7,00;4,00;2,00;1,00;1,00;1,00;2,00;2,00;2,00;2,00;2,00;1,00
432317;3,00;1,00;2,00;2,00;8,00;2,00;3,00;1,00;2,00;2,00;2,00;1,00;2,00;3,00;2,00;0,00;0,00;0,00;0,00;0,00;0,00;1,00;1,00;2,00;2,00;2,00;2,00;2,00;2,00;1,00
432321;4,00;1,00;2,00;2,00;15,00;2,00;2,00;2,00;1,00;2,00;2,00;1,00;1,00;4,00;1,00;3,00;2,00;1,00;7,00;4,00;2,00;1,00;1,00;2,00;2,00;2,00;2,00;2,00;2,00;1,00
432325;2,00;1,00;2,00;2,00;8,00;1,00;1,00;2,00;2,00;2,00;2,00;1,00;2,00;4,00;2,00;0,00;0,00;0,00;0,00;0,00;0,00;1,00;1,00;2,00;2,00;2,00;2,00;2,00;2,00;1,00
432331;4,00;1,00;3,00;2,00;10,00;2,00;2,00;2,00;1,00;2,00;2,00;1,00;2,00;1,00;1,00;2,00;3,00;3,00;10,00;4,00;3,00;1,00;1,00;1,00;2,00;2,00;2,00;2,00;2,00;1,00
432354;2,00;1,00;2,00;2,00;12,00;2,00;4,00;2,00;2,00;2,00;1,00;1,00;2,00;4,00;2,00;0,00;0,00;0,00;0,00;0,00;0,00;1,00;1,00;2,00;2,00;2,00;2,00;2,00;2,00;1,00
432385;2,00;1,00;2,00;2,00;3,00;1,00;1,00;2,00;2,00;2,00;2,00;1,00;2,00;7,00;2,00;0,00;0,00;0,00;0,00;0,00;0,00;1,00;1,00;2,00;2,00;2,00;2,00;2,00;2,00;1,00
432481;1,00;1,00;2,00;3,00;8,00;1,00;1,00;2,00;2,00;2,00;2,00;2,00;2,00;7,00;2,00;0,00;0,00;0,00;0,00;0,00;0,00;1,00;1,00;2,00;2,00;2,00;2,00;2,00;2,00;1,00
432548;1,00;1,00;2,00;2,00;10,00;1,00;1,00;2,00;2,00;2,00;2,00;2,00;2,00;6,00;2,00;0,00;0,00;0,00;0,00;0,00;0,00;1,00;1,00;2,00;2,00;2,00;2,00;2,00;2,00;1,00
432591;2,00;1,00;2,00;2,00;6,00;2,00;4,00;2,00;2,00;2,00;1,00;1,00;1,00;1,00;2,00;0,00;0,00;0,00;0,00;0,00;0,00;1,00;1,00;2,00;2,00;2,00;2,00;2,00;2,00;1,00
432597;1,00;1,00;2,00;2,00;10,00;2,00;2,00;2,00;1,00;2,00;2,00;1,00;2,00;4,00;1,00;2,00;2,00;1,00;9,00;4,00;3,00;1,00;1,00;2,00;2,00;2,00;2,00;2,00;2,00;1,00
432601;4,00;1,00;3,00;2,00;10,00;2,00;2,00;2,00;1,00;2,00;2,00;1,00;2,00;4,00;1,00;2,00;2,00;3,00;9,00;4,00;3,00;1,00;1,00;1,00;2,00;2,00;2,00;2,00;2,00;1,00
432606;3,00;1,00;2,00;2,00;12,00;2,00;4,00;1,00;1,00;2,00;2,00;1,00;2,00;3,00;2,00;0,00;0,00;0,00;0,00;0,00;0,00;1,00;1,00;2,00;2,00;2,00;2,00;2,00;2,00;1,00
432658;2,00;1,00;2,00;2,00;4,00;1,00;1,00;2,00;2,00;2,00;2,00;1,00;1,00;7,00;2,00;0,00;0,00;0,00;0,00;0,00;0,00;1,00;1,00;2,00;2,00;2,00;2,00;2,00;2,00;1,00
432708;3,00;1,00;2,00;2,00;16,00;2,00;4,00;2,00;1,00;2,00;2,00;1,00;2,00;4,00;2,00;0,00;0,00;0,00;0,00;0,00;0,00;1,00;1,00;2,00;2,00;2,00;2,00;2,00;2,00;1,00
432714;1,00;1,00;2,00;3,00;2,00;1,00;1,00;2,00;2,00;2,00;2,00;2,00;2,00;7,00;2,00;0,00;0,00;0,00;0,00;0,00;0,00;1,00;1,00;2,00;2,00;2,00;2,00;2,00;2,00;1,00
432770;1,00;2,00;1,00;2,00;11,00;1,00;1,00;2,00;1,00;2,00;1,00;1,00;2,00;7,00;1,00;3,00;3,00;3,00;12,00;4,00;3,00;1,00;1,00;2,00;2,00;2,00;2,00;2,00;2,00;1,00
432848;4,00;1,00;3,00;2,00;26,00;2,00;4,00;2,00;1,00;2,00;2,00;1,00;2,00;1,00;1,00;1,00;3,00;3,00;12,00;4,00;3,00;1,00;1,00;2,00;2,00;2,00;2,00;2,00;2,00;1,00
432880;1,00;1,00;2,00;2,00;25,00;1,00;1,00;2,00;2,00;2,00;2,00;1,00;2,00;7,00;2,00;0,00;0,00;0,00;0,00;0,00;0,00;1,00;1,00;2,00;2,00;2,00;2,00;2,00;2,00;1,00